timestamp_ms,node_id,node_name,latitude,longitude,area,sensor_type,domain,protocol,frequency,status_code,response_time_ms
2025-10-28T23:07:54.479414,1,Node_water_quality_nq5rq,17.41085,78.346758,Miyapur,tds,AE-WQ01,MQTT,00:10:00,200,300
2025-10-28T23:07:54.770764,1,Node_water_quality_c5bvc,17.406912,78.361364,BHEL,tds,AE-WQ01,CoAP,00:15:00,200,236
2025-10-28T23:07:54.777406,1,Node_waste_management_tgzox,17.415969,78.352653,Kothaguda,tds,AE-WM01,CoAP,00:15:00,200,269
2025-10-28T23:07:55.340569,1,Node_water_quality_5kbsu,17.43997,78.360113,Kondapur,tds,AE-WQ01,MQTT,00:01:00,200,246
2025-10-28T23:07:55.390096,1,Node_waste_management_a96ag,17.407155,78.360894,Kondapur,tds,AE-WM01,CoAP,00:10:00,200,604
2025-10-28T23:07:55.453589,1,Node_waste_management_dxc8o,17.427851,78.387714,IIIT Campus,tds,AE-WM01,MQTT,00:01:00,200,667
2025-10-28T23:07:55.598541,1,Node_waste_management_qbd6d,17.396218,78.355565,JNTU,tds,AE-WM01,CoAP,00:10:00,200,616
2025-10-28T23:07:55.620997,1,Node_waste_management_gnkd5,17.404062,78.354478,Hitech City,tds,AE-WM01,CoAP,00:05:00,200,616
2025-10-28T23:07:55.673646,1,Node_water_quality_0q3oq,17.443942,78.348339,JNTU,tds,AE-WQ01,MQTT,00:01:00,200,596
2025-10-28T23:07:55.666932,1,Node_waste_management_sy6pd,17.405686,78.387038,Miyapur,tds,AE-WM01,CoAP,00:05:00,200,719
2025-10-28T23:07:55.266393,2,Node_water_quality_pqkrp,17.418012,78.387355,Gachibowli,tds,AE-WQ01,MQTT,00:01:00,200,1153
2025-10-28T23:07:56.075044,1,Node_waste_management_kg7wx,17.403177,78.377143,Kondapur,tds,AE-WM01,MQTT,00:15:00,200,379
2025-10-28T23:07:56.106659,2,Node_water_quality_bro0b,17.437655,78.346718,JNTU,tds,AE-WQ01,CoAP,00:15:00,200,350
2025-10-28T23:07:55.543005,1,Node_waste_management_3lwiu,17.422984,78.383944,Kondapur,tds,AE-WM01,MQTT,00:10:00,200,955
2025-10-28T23:07:55.599127,2,Node_water_quality_657i9,17.387194,78.360554,Chandanagar,tds,AE-WQ01,MQTT,00:05:00,200,947
2025-10-28T23:07:55.562758,2,Node_water_quality_pn8o1,17.406855,78.34953,Kothaguda,tds,AE-WQ01,MQTT,00:05:00,200,990
2025-10-28T23:07:56.456618,2,Node_waste_management_5sw97,17.426601,78.370289,Kukatpally,tds,AE-WM01,CoAP,00:05:00,200,3857
2025-10-28T23:07:56.477029,2,Node_waste_management_e6hx9,17.390444,78.377261,Kukatpally,tds,AE-WM01,MQTT,00:15:00,200,4035
2025-10-28T23:07:56.875837,3,Node_water_quality_equu5,17.388634,78.362821,BHEL,tds,AE-WQ01,MQTT,00:05:00,200,4036
2025-10-28T23:07:58.094194,1,Node_waste_management_r1q0v,17.415613,78.394489,Lingampally,tds,AE-WM01,CoAP,00:01:00,200,2895
2025-10-28T23:07:58.079357,1,Node_water_quality_cizb0,17.419717,78.381863,Miyapur,tds,AE-WQ01,MQTT,00:05:00,200,2931
2025-10-28T23:07:58.192959,1,Node_water_quality_urktu,17.420399,78.382957,Kothaguda,tds,AE-WQ01,MQTT,00:15:00,200,3113
2025-10-28T23:07:57.014894,3,Node_water_quality_caw5j,17.400921,78.35511,IIIT Campus,tds,AE-WQ01,MQTT,00:10:00,200,4412
2025-10-28T23:07:59.527337,1,Node_water_quality_zmy7j,17.418237,78.382175,BHEL,tds,AE-WQ01,CoAP,00:15:00,200,1919
2025-10-28T23:07:56.558909,1,Node_waste_management_nsmf9,17.434644,78.340336,Hitech City,tds,AE-WM01,CoAP,00:10:00,200,4905
2025-10-28T23:07:57.133056,3,Node_water_quality_a0fqk,17.438151,78.347273,BHEL,tds,AE-WQ01,MQTT,00:10:00,200,4349
2025-10-28T23:07:56.821544,2,Node_waste_management_nmloi,17.391407,78.338275,JNTU,tds,AE-WM01,MQTT,00:05:00,200,4661
2025-10-28T23:07:58.164360,1,Node_water_quality_zp2cw,17.402042,78.370658,JNTU,tds,AE-WQ01,MQTT,00:01:00,200,3335
2025-10-28T23:07:59.572956,1,Node_waste_management_hyn68,17.410407,78.383412,JNTU,tds,AE-WM01,MQTT,00:05:00,200,1981
2025-10-28T23:07:58.200819,1,Node_water_quality_fuo9p,17.38527,78.358773,Hitech City,tds,AE-WQ01,MQTT,00:10:00,200,3364
2025-10-28T23:07:56.652539,2,Node_waste_management_z81qr,17.438333,78.38351,Hitech City,tds,AE-WM01,MQTT,00:05:00,200,4913
2025-10-28T23:07:58.178835,1,Node_waste_management_atitk,17.437642,78.386119,Hitech City,tds,AE-WM01,CoAP,00:01:00,200,3409
2025-10-28T23:07:56.692582,2,Node_water_quality_hw9pu,17.426838,78.364086,Miyapur,tds,AE-WQ01,CoAP,00:10:00,200,4904
2025-10-28T23:07:56.855734,2,Node_water_quality_b2ljv,17.428605,78.341298,Hitech City,tds,AE-WQ01,MQTT,00:10:00,200,4761
2025-10-28T23:07:58.224613,1,Node_water_quality_c02du,17.442009,78.384516,Chandanagar,tds,AE-WQ01,CoAP,00:15:00,200,3403
2025-10-28T23:07:56.596521,2,Node_waste_management_9bzun,17.435273,78.350273,BHEL,tds,AE-WM01,MQTT,00:05:00,200,5067
2025-10-28T23:07:58.216017,1,Node_waste_management_b78hn,17.40752,78.359434,Gachibowli,tds,AE-WM01,MQTT,00:10:00,200,3486
2025-10-28T23:07:59.549102,1,Node_waste_management_qoxm6,17.4164,78.347739,Kondapur,tds,AE-WM01,CoAP,00:05:00,200,2185
2025-10-28T23:07:59.592814,1,Node_water_quality_cfr1k,17.417103,78.376374,Chandanagar,tds,AE-WQ01,MQTT,00:15:00,200,2160
2025-10-28T23:07:59.620763,1,Node_water_quality_pf50d,17.431319,78.388209,BHEL,tds,AE-WQ01,MQTT,00:10:00,200,2144
2025-10-28T23:07:59.607084,1,Node_waste_management_u334f,17.442278,78.391462,Lingampally,tds,AE-WM01,MQTT,00:15:00,200,2173
2025-10-28T23:07:56.934887,2,Node_waste_management_b2hy3,17.444548,78.344816,Madhapur,tds,AE-WM01,CoAP,00:05:00,200,4849
2025-10-28T23:07:56.868720,3,Node_water_quality_4xre4,17.397051,78.372641,Gachibowli,tds,AE-WQ01,MQTT,00:15:00,200,4922
2025-10-28T23:07:59.599275,1,Node_waste_management_mlqif,17.386122,78.353268,Chandanagar,tds,AE-WM01,MQTT,00:15:00,200,2216
2025-10-28T23:07:59.653046,1,Node_waste_management_8ycz6,17.387995,78.393431,Miyapur,tds,AE-WM01,MQTT,00:01:00,200,2199
2025-10-28T23:07:59.641120,1,Node_water_quality_vqmkv,17.416674,78.374355,Miyapur,tds,AE-WQ01,MQTT,00:10:00,200,2246
2025-10-28T23:07:59.755843,1,Node_waste_management_ra6j8,17.414732,78.390995,BHEL,tds,AE-WM01,CoAP,00:05:00,200,2202
2025-10-28T23:08:00.802509,1,Node_water_quality_4vl6z,17.406931,78.352866,Kothaguda,tds,AE-WQ01,MQTT,00:01:00,200,1201
2025-10-28T23:07:59.514585,1,Node_waste_management_bi9sr,17.410663,78.384476,Miyapur,tds,AE-WM01,MQTT,00:01:00,200,2501
2025-10-28T23:07:59.885488,1,Node_waste_management_5xodj,17.391149,78.339503,Miyapur,tds,AE-WM01,CoAP,00:10:00,200,2163
2025-10-28T23:08:00.137423,1,Node_waste_management_lxl6q,17.404528,78.384237,Madhapur,tds,AE-WM01,CoAP,00:15:00,200,1918
2025-10-28T23:08:00.009851,1,Node_water_quality_mvq7z,17.405953,78.337379,BHEL,tds,AE-WQ01,MQTT,00:10:00,200,2052
2025-10-28T23:08:00.163165,1,Node_waste_management_7yjsz,17.443879,78.363182,Kukatpally,tds,AE-WM01,CoAP,00:01:00,200,1939
2025-10-28T23:08:00.649903,3,Node_waste_management_xzw1j,17.416174,78.379012,Kothaguda,tds,AE-WM01,MQTT,00:15:00,200,1481
2025-10-28T23:08:01.385652,4,Node_waste_management_adf2d,17.423715,78.379747,Chandanagar,tds,AE-WM01,CoAP,00:15:00,200,782
2025-10-28T23:08:01.419360,2,Node_water_quality_7thx3,17.41821,78.385801,Miyapur,tds,AE-WQ01,MQTT,00:10:00,200,775
2025-10-28T23:08:01.572697,2,Node_waste_management_fwbdc,17.428111,78.371984,Kondapur,tds,AE-WM01,CoAP,00:05:00,200,636
2025-10-28T23:08:01.645144,2,Node_water_quality_ieo70,17.439213,78.35945,Kondapur,tds,AE-WQ01,CoAP,00:05:00,200,613
2025-10-28T23:08:00.279985,1,Node_waste_management_8w5cu,17.443085,78.380222,Lingampally,tds,AE-WM01,CoAP,00:15:00,200,2023
2025-10-28T23:08:00.983358,3,Node_water_quality_azofs,17.433428,78.343,Chandanagar,tds,AE-WQ01,MQTT,00:15:00,200,1450
2025-10-28T23:08:01.824450,2,Node_water_quality_frv6c,17.413995,78.35827,Kothaguda,tds,AE-WQ01,CoAP,00:15:00,200,624
2025-10-28T23:08:01.352244,1,Node_water_quality_h7gj3,17.441017,78.336696,Kondapur,tds,AE-WQ01,MQTT,00:01:00,200,1114
2025-10-28T23:08:01.408374,1,Node_water_quality_co1u5,17.391644,78.384993,Hitech City,tds,AE-WQ01,MQTT,00:15:00,200,1063
2025-10-28T23:08:01.262646,1,Node_waste_management_finum,17.430103,78.36201,Miyapur,tds,AE-WM01,MQTT,00:15:00,200,1244
2025-10-28T23:08:01.887613,2,Node_water_quality_6c7kk,17.401406,78.374717,Kondapur,tds,AE-WQ01,CoAP,00:05:00,200,675
2025-10-28T23:08:01.788805,2,Node_waste_management_cj4ko,17.390933,78.380237,Hitech City,tds,AE-WM01,MQTT,00:10:00,200,775
2025-10-28T23:08:01.518392,1,Node_waste_management_1fvbb,17.40753,78.347245,Kondapur,tds,AE-WM01,CoAP,00:15:00,200,1089
2025-10-28T23:08:01.998766,2,Node_waste_management_vt88l,17.406931,78.368909,Madhapur,tds,AE-WM01,CoAP,00:15:00,200,636
2025-10-28T23:08:01.833333,4,Node_waste_management_46mt8,17.439363,78.393207,Madhapur,tds,AE-WM01,MQTT,00:15:00,200,827
2025-10-28T23:08:01.942245,4,Node_waste_management_8232m,17.429943,78.349586,IIIT Campus,tds,AE-WM01,MQTT,00:15:00,200,847
2025-10-28T23:08:01.853255,2,Node_waste_management_x56rj,17.441069,78.365281,Kondapur,tds,AE-WM01,MQTT,00:10:00,200,937
2025-10-28T23:08:02.165835,2,Node_water_quality_l7gvo,17.393327,78.357502,BHEL,tds,AE-WQ01,CoAP,00:15:00,200,670
2025-10-28T23:08:02.135958,2,Node_water_quality_2k1vk,17.388612,78.377768,Madhapur,tds,AE-WQ01,CoAP,00:05:00,200,756
2025-10-28T23:08:02.262700,2,Node_waste_management_fjodk,17.410745,78.378633,Gachibowli,tds,AE-WM01,CoAP,00:15:00,200,677
2025-10-28T23:08:02.015445,3,Node_water_quality_6sxo4,17.396888,78.345729,Miyapur,tds,AE-WQ01,MQTT,00:01:00,200,943
2025-10-28T23:08:02.180736,2,Node_water_quality_khd00,17.439948,78.337101,JNTU,tds,AE-WQ01,MQTT,00:05:00,200,792
2025-10-28T23:08:02.093897,2,Node_waste_management_d84xb,17.427463,78.355016,Lingampally,tds,AE-WM01,MQTT,00:15:00,200,880
2025-10-28T23:08:02.267435,2,Node_water_quality_0kmdb,17.436109,78.393081,Chandanagar,tds,AE-WQ01,MQTT,00:05:00,200,774
2025-10-28T23:08:02.317248,2,Node_water_quality_pxuxm,17.399257,78.341767,Miyapur,tds,AE-WQ01,CoAP,00:10:00,200,830
2025-10-28T23:08:02.218646,4,Node_water_quality_hdrwm,17.434205,78.383158,BHEL,tds,AE-WQ01,MQTT,00:01:00,200,933
2025-10-28T23:08:02.239206,3,Node_water_quality_zn034,17.429311,78.384244,Chandanagar,tds,AE-WQ01,MQTT,00:01:00,200,926
2025-10-28T23:08:02.402368,2,Node_water_quality_twkk8,17.390287,78.360333,Kukatpally,tds,AE-WQ01,MQTT,00:15:00,200,787
2025-10-28T23:08:02.307447,2,Node_water_quality_3k1s6,17.407025,78.34024,Lingampally,tds,AE-WQ01,MQTT,00:10:00,200,887
2025-10-28T23:08:02.301298,2,Node_waste_management_omy9z,17.427895,78.348937,Kukatpally,tds,AE-WM01,CoAP,00:05:00,200,906
2025-10-28T23:08:02.398279,2,Node_waste_management_5ffnw,17.391589,78.386936,IIIT Campus,tds,AE-WM01,MQTT,00:15:00,200,818
2025-10-28T23:08:02.517434,5,Node_waste_management_eunc0,17.399738,78.374486,Lingampally,tds,AE-WM01,CoAP,00:15:00,200,711
2025-10-28T23:08:02.562115,2,Node_waste_management_67c1o,17.396644,78.348276,BHEL,tds,AE-WM01,CoAP,00:05:00,200,686
2025-10-28T23:08:02.645307,3,Node_waste_management_vdhfz,17.410917,78.356285,Hitech City,tds,AE-WM01,CoAP,00:10:00,200,615
2025-10-28T23:08:02.651663,4,Node_waste_management_hmxx3,17.420682,78.375571,BHEL,tds,AE-WM01,MQTT,00:05:00,200,714
2025-10-28T23:08:02.705231,3,Node_water_quality_infc3,17.432089,78.390454,Miyapur,tds,AE-WQ01,CoAP,00:15:00,200,732
2025-10-28T23:08:02.721644,3,Node_water_quality_37vgc,17.39804,78.355182,JNTU,tds,AE-WQ01,CoAP,00:10:00,200,721
2025-10-28T23:08:02.140406,3,Node_waste_management_667gl,17.405826,78.38605,Hitech City,tds,AE-WM01,CoAP,00:15:00,200,1372
2025-10-28T23:08:02.702572,1,Node_water_quality_io5v4,17.43817,78.375283,Miyapur,tds,AE-WQ01,MQTT,00:05:00,200,813
2025-10-28T23:08:02.561021,1,Node_waste_management_fc3w9,17.440949,78.371768,Lingampally,tds,AE-WM01,MQTT,00:15:00,200,977
2025-10-28T23:08:01.999986,3,Node_water_quality_wzwft,17.412694,78.362074,Kukatpally,tds,AE-WQ01,MQTT,00:10:00,200,1554
2025-10-28T23:08:02.952546,3,Node_waste_management_lrivs,17.406295,78.372199,Chandanagar,tds,AE-WM01,MQTT,00:01:00,200,614
2025-10-28T23:08:01.983060,3,Node_waste_management_kqls6,17.390459,78.372481,Miyapur,tds,AE-WM01,MQTT,00:15:00,200,1589
2025-10-28T23:08:02.111024,3,Node_water_quality_b4wjl,17.416563,78.345172,Madhapur,tds,AE-WQ01,MQTT,00:01:00,200,1490
2025-10-28T23:08:02.908119,3,Node_waste_management_terf3,17.385492,78.351829,IIIT Campus,tds,AE-WM01,CoAP,00:10:00,200,709
2025-10-28T23:08:02.345404,1,Node_water_quality_kuuq6,17.404398,78.363184,Kothaguda,tds,AE-WQ01,CoAP,00:01:00,200,1292
2025-10-28T23:08:02.930892,4,Node_waste_management_kmn0i,17.391713,78.355317,JNTU,tds,AE-WM01,MQTT,00:01:00,200,731
2025-10-28T23:08:02.832108,2,Node_water_quality_oj5ct,17.4293,78.383868,Madhapur,tds,AE-WQ01,CoAP,00:10:00,200,831
2025-10-28T23:08:02.789119,2,Node_waste_management_s26bn,17.427815,78.381913,Kukatpally,tds,AE-WM01,CoAP,00:15:00,200,877
2025-10-28T23:08:02.889344,2,Node_water_quality_imdec,17.417612,78.349439,JNTU,tds,AE-WQ01,CoAP,00:05:00,200,778
2025-10-28T23:08:03.205359,3,Node_waste_management_y0unf,17.419487,78.350935,IIIT Campus,tds,AE-WM01,CoAP,00:05:00,200,500
2025-10-28T23:08:03.172905,2,Node_water_quality_mdnlw,17.416427,78.393717,Kukatpally,tds,AE-WQ01,CoAP,00:15:00,200,535
2025-10-28T23:08:03.324299,3,Node_water_quality_ergca,17.425227,78.378298,Kothaguda,tds,AE-WQ01,CoAP,00:10:00,200,394
2025-10-28T23:08:03.209371,3,Node_water_quality_xy5hg,17.405795,78.340318,JNTU,tds,AE-WQ01,MQTT,00:15:00,200,517
2025-10-28T23:08:02.509865,2,Node_water_quality_tq8w1,17.406905,78.389445,IIIT Campus,tds,AE-WQ01,CoAP,00:01:00,200,1237
2025-10-28T23:08:02.500509,2,Node_waste_management_ga10t,17.424273,78.389142,Kondapur,tds,AE-WM01,MQTT,00:05:00,200,1291
2025-10-28T23:08:03.106881,5,Node_waste_management_9qj26,17.411191,78.367643,Kondapur,tds,AE-WM01,MQTT,00:10:00,200,708
2025-10-28T23:08:03.075315,3,Node_water_quality_o05j1,17.407596,78.351403,Chandanagar,tds,AE-WQ01,MQTT,00:01:00,200,767
2025-10-28T23:08:03.278848,3,Node_waste_management_1yvkk,17.409215,78.388473,Kondapur,tds,AE-WM01,CoAP,00:05:00,200,651
2025-10-28T23:08:02.580238,2,Node_water_quality_craeh,17.399461,78.378708,Kukatpally,tds,AE-WQ01,CoAP,00:05:00,200,1400
2025-10-28T23:08:02.504093,2,Node_waste_management_olvgq,17.439064,78.361377,JNTU,tds,AE-WM01,MQTT,00:10:00,200,1477
2025-10-28T23:08:02.788179,1,Node_water_quality_ktjog,17.414911,78.372255,JNTU,tds,AE-WQ01,MQTT,00:15:00,200,1201
2025-10-28T23:08:03.510211,3,Node_water_quality_mi2if,17.392722,78.342618,Kondapur,tds,AE-WQ01,MQTT,00:05:00,200,494
2025-10-28T23:08:02.906934,1,Node_waste_management_1nlyr,17.430801,78.352087,Miyapur,tds,AE-WM01,CoAP,00:05:00,200,1112
2025-10-28T23:08:02.612680,2,Node_water_quality_tv02v,17.391064,78.379275,JNTU,tds,AE-WQ01,MQTT,00:05:00,200,1408
2025-10-28T23:08:03.231528,5,Node_water_quality_t6qxl,17.395238,78.362698,Hitech City,tds,AE-WQ01,CoAP,00:15:00,200,839
2025-10-28T23:08:03.678224,4,Node_waste_management_j7va6,17.438361,78.372362,Kothaguda,tds,AE-WM01,CoAP,00:15:00,200,401
2025-10-28T23:08:03.336570,3,Node_water_quality_ij43d,17.423765,78.361302,IIIT Campus,tds,AE-WQ01,CoAP,00:05:00,200,823
2025-10-28T23:08:03.702408,5,Node_waste_management_zy6wl,17.401564,78.362281,Kondapur,tds,AE-WM01,CoAP,00:10:00,200,502
2025-10-28T23:08:03.257088,3,Node_waste_management_hltf7,17.421953,78.364186,Hitech City,tds,AE-WM01,MQTT,00:10:00,200,954
2025-10-28T23:08:03.734011,6,Node_water_quality_n44di,17.417779,78.370143,JNTU,tds,AE-WQ01,MQTT,00:15:00,200,671
2025-10-28T23:08:02.643816,2,Node_water_quality_f8m23,17.42849,78.381785,Kothaguda,tds,AE-WQ01,MQTT,00:15:00,200,1787
2025-10-28T23:08:03.655012,3,Node_water_quality_y5a1p,17.424177,78.335184,IIIT Campus,tds,AE-WQ01,CoAP,00:10:00,200,786
2025-10-28T23:08:03.491710,3,Node_water_quality_acg2w,17.392937,78.341265,Kukatpally,tds,AE-WQ01,MQTT,00:15:00,200,965
2025-10-28T23:08:03.548427,4,Node_waste_management_hcazc,17.440319,78.38057,Kondapur,tds,AE-WM01,CoAP,00:01:00,200,909
2025-10-28T23:08:03.818642,3,Node_water_quality_n41id,17.40655,78.353365,BHEL,tds,AE-WQ01,MQTT,00:05:00,200,646
2025-10-28T23:08:03.837715,4,Node_water_quality_u1ald,17.41842,78.379254,IIIT Campus,tds,AE-WQ01,MQTT,00:15:00,200,672
2025-10-28T23:08:03.826648,5,Node_water_quality_gqokw,17.418435,78.371958,Hitech City,tds,AE-WQ01,CoAP,00:15:00,200,721
2025-10-28T23:08:03.707063,3,Node_water_quality_qfv1v,17.432757,78.384648,IIIT Campus,tds,AE-WQ01,CoAP,00:05:00,200,869
2025-10-28T23:08:03.808292,3,Node_water_quality_xv1x1,17.423796,78.360002,Kukatpally,tds,AE-WQ01,MQTT,00:15:00,200,798
2025-10-28T23:08:03.612353,3,Node_waste_management_h9ltq,17.441947,78.369666,IIIT Campus,tds,AE-WM01,CoAP,00:05:00,200,1018
2025-10-28T23:08:03.611359,3,Node_water_quality_d3g69,17.405844,78.377802,Chandanagar,tds,AE-WQ01,MQTT,00:15:00,200,1021
2025-10-28T23:08:03.865435,2,Node_waste_management_nzygo,17.399682,78.353446,Kukatpally,tds,AE-WM01,CoAP,00:05:00,200,786
2025-10-28T23:08:03.936504,4,Node_waste_management_irv2a,17.387564,78.375847,BHEL,tds,AE-WM01,CoAP,00:05:00,200,803
2025-10-28T23:08:04.015149,4,Node_waste_management_0hkyy,17.413134,78.363802,Miyapur,tds,AE-WM01,MQTT,00:15:00,200,779
2025-10-28T23:08:04.080625,4,Node_water_quality_3djps,17.395364,78.382294,Madhapur,tds,AE-WQ01,CoAP,00:15:00,200,736
2025-10-28T23:08:04.118641,4,Node_waste_management_jowud,17.433806,78.394188,BHEL,tds,AE-WM01,MQTT,00:15:00,200,710
2025-10-28T23:08:04.126469,4,Node_water_quality_fipw9,17.393083,78.351533,Kukatpally,tds,AE-WQ01,CoAP,00:10:00,200,744
2025-10-28T23:08:03.937329,4,Node_water_quality_0jche,17.406546,78.358408,JNTU,tds,AE-WQ01,CoAP,00:10:00,200,935
2025-10-28T23:08:03.950928,2,Node_water_quality_6gweq,17.399649,78.375495,Kukatpally,tds,AE-WQ01,MQTT,00:15:00,200,990
2025-10-28T23:08:04.051779,5,Node_waste_management_77xx5,17.400481,78.376886,Chandanagar,tds,AE-WM01,CoAP,00:15:00,200,891
2025-10-28T23:08:03.976637,3,Node_waste_management_8y6yh,17.440272,78.371705,JNTU,tds,AE-WM01,MQTT,00:01:00,200,1007
2025-10-28T23:08:04.213745,4,Node_water_quality_wyfq2,17.42196,78.384561,Kothaguda,tds,AE-WQ01,CoAP,00:15:00,200,802
2025-10-28T23:08:04.136766,3,Node_waste_management_qyddv,17.405725,78.361582,Kondapur,tds,AE-WM01,CoAP,00:10:00,200,933
2025-10-28T23:08:04.161344,6,Node_waste_management_aul1o,17.436077,78.338486,Lingampally,tds,AE-WM01,MQTT,00:15:00,200,940
2025-10-28T23:08:04.193020,3,Node_water_quality_ykt5z,17.404784,78.338044,BHEL,tds,AE-WQ01,CoAP,00:01:00,200,931
2025-10-28T23:08:04.146973,3,Node_water_quality_8mocz,17.419809,78.351457,BHEL,tds,AE-WQ01,CoAP,00:15:00,200,983
2025-10-28T23:08:04.323737,4,Node_waste_management_1kcpp,17.444014,78.344625,Hitech City,tds,AE-WM01,CoAP,00:05:00,200,814
2025-10-28T23:08:03.986971,2,Node_waste_management_qm4di,17.40929,78.369572,Kukatpally,tds,AE-WM01,MQTT,00:15:00,200,1166
2025-10-28T23:08:04.403283,5,Node_water_quality_yd8c1,17.407273,78.390587,Kukatpally,tds,AE-WQ01,CoAP,00:05:00,200,807
2025-10-28T23:08:04.016609,4,Node_water_quality_ea30g,17.386051,78.391781,Gachibowli,tds,AE-WQ01,CoAP,00:15:00,200,1223
2025-10-28T23:08:04.458111,4,Node_water_quality_unech,17.438566,78.361753,Kondapur,tds,AE-WQ01,MQTT,00:01:00,200,854
2025-10-28T23:08:04.493428,4,Node_waste_management_53x0w,17.428273,78.390436,JNTU,tds,AE-WM01,MQTT,00:01:00,200,822
2025-10-28T23:08:04.443898,6,Node_water_quality_ha7ef,17.390741,78.337096,Lingampally,tds,AE-WQ01,MQTT,00:10:00,200,879
2025-10-28T23:08:04.549114,4,Node_waste_management_ec3u5,17.43907,78.340492,JNTU,tds,AE-WM01,CoAP,00:10:00,200,788
2025-10-28T23:08:04.587263,6,Node_water_quality_nhl0n,17.424291,78.361519,BHEL,tds,AE-WQ01,MQTT,00:10:00,200,786
2025-10-28T23:08:03.894905,4,Node_waste_management_pk9kp,17.392317,78.366284,Kothaguda,tds,AE-WM01,MQTT,00:10:00,200,1483
2025-10-28T23:08:04.554024,4,Node_waste_management_x6t8d,17.396314,78.349226,JNTU,tds,AE-WM01,CoAP,00:05:00,200,864
2025-10-28T23:08:04.741923,7,Node_waste_management_ootma,17.443962,78.337265,Kukatpally,tds,AE-WM01,MQTT,00:05:00,200,701
2025-10-28T23:08:04.857073,6,Node_water_quality_zer10,17.436603,78.388644,Kondapur,tds,AE-WQ01,CoAP,00:10:00,200,648
2025-10-28T23:08:04.050905,4,Node_waste_management_041aw,17.399864,78.353319,Chandanagar,tds,AE-WM01,MQTT,00:05:00,200,1471
2025-10-28T23:08:04.819782,5,Node_waste_management_ox95y,17.431176,78.368015,Kukatpally,tds,AE-WM01,CoAP,00:10:00,200,736
2025-10-28T23:08:04.068984,4,Node_water_quality_u2y19,17.402967,78.381621,Hitech City,tds,AE-WQ01,MQTT,00:10:00,200,1600
2025-10-28T23:08:04.308057,3,Node_waste_management_mj9jf,17.425313,78.354089,Chandanagar,tds,AE-WM01,MQTT,00:10:00,200,1362
2025-10-28T23:08:05.028706,4,Node_water_quality_84lns,17.406736,78.383049,Madhapur,tds,AE-WQ01,CoAP,00:01:00,200,694
2025-10-28T23:08:04.823698,4,Node_waste_management_gg2s8,17.41324,78.377933,Chandanagar,tds,AE-WM01,CoAP,00:01:00,200,930
2025-10-28T23:08:05.204258,5,Node_waste_management_93q8d,17.406891,78.348896,Kukatpally,tds,AE-WM01,MQTT,00:01:00,200,594
2025-10-28T23:08:04.416511,2,Node_water_quality_7esap,17.430676,78.360517,Miyapur,tds,AE-WQ01,MQTT,00:15:00,200,1390
2025-10-28T23:08:04.885660,4,Node_waste_management_zq17j,17.407756,78.355969,Chandanagar,tds,AE-WM01,CoAP,00:15:00,200,924
2025-10-28T23:08:04.993966,4,Node_waste_management_knhck,17.43706,78.344061,Hitech City,tds,AE-WM01,CoAP,00:10:00,200,819
2025-10-28T23:08:05.095798,5,Node_water_quality_0tgru,17.408241,78.380938,IIIT Campus,tds,AE-WQ01,MQTT,00:05:00,200,731
2025-10-28T23:08:05.044304,4,Node_water_quality_b286c,17.433545,78.376428,Hitech City,tds,AE-WQ01,CoAP,00:15:00,200,794
2025-10-28T23:08:04.857821,5,Node_waste_management_zpei0,17.405017,78.355079,JNTU,tds,AE-WM01,CoAP,00:10:00,200,983
2025-10-28T23:08:05.235338,3,Node_water_quality_j251s,17.398495,78.370431,Madhapur,tds,AE-WQ01,CoAP,00:10:00,200,610
2025-10-28T23:08:05.182324,4,Node_water_quality_vuqrd,17.433668,78.343481,BHEL,tds,AE-WQ01,CoAP,00:05:00,200,670
2025-10-28T23:08:05.242179,5,Node_waste_management_89lqm,17.437722,78.351629,Gachibowli,tds,AE-WM01,CoAP,00:05:00,200,628
2025-10-28T23:08:04.531524,2,Node_waste_management_t2pf3,17.439205,78.369851,Kothaguda,tds,AE-WM01,MQTT,00:05:00,200,1368
2025-10-28T23:08:05.223279,4,Node_water_quality_hvfrd,17.430503,78.36957,Lingampally,tds,AE-WQ01,CoAP,00:01:00,200,706
2025-10-28T23:08:04.302541,3,Node_waste_management_bilig,17.416724,78.39373,Kukatpally,tds,AE-WM01,MQTT,00:05:00,200,1651
2025-10-28T23:08:04.332136,3,Node_waste_management_3tflp,17.432986,78.379268,Miyapur,tds,AE-WM01,CoAP,00:05:00,200,1622
2025-10-28T23:08:05.345990,5,Node_waste_management_rd0uu,17.412523,78.341395,JNTU,tds,AE-WM01,CoAP,00:10:00,200,635
2025-10-28T23:08:04.537507,3,Node_waste_management_ipy7i,17.412076,78.348815,IIIT Campus,tds,AE-WM01,CoAP,00:15:00,200,1467
2025-10-28T23:08:05.362681,5,Node_waste_management_4stx1,17.412697,78.368383,Hitech City,tds,AE-WM01,CoAP,00:05:00,200,647
2025-10-28T23:08:05.429777,5,Node_water_quality_8j7ps,17.386775,78.381086,Kukatpally,tds,AE-WQ01,CoAP,00:15:00,200,591
2025-10-28T23:08:05.520749,5,Node_water_quality_lfmhl,17.408904,78.358054,Hitech City,tds,AE-WQ01,CoAP,00:10:00,200,512
2025-10-28T23:08:04.360789,3,Node_water_quality_e1ftm,17.401558,78.343594,IIIT Campus,tds,AE-WQ01,MQTT,00:15:00,200,1687
2025-10-28T23:08:05.559602,7,Node_waste_management_5iudo,17.399892,78.384853,Kondapur,tds,AE-WM01,CoAP,00:10:00,200,571
2025-10-28T23:08:05.277696,6,Node_water_quality_za4j5,17.414581,78.364457,Kukatpally,tds,AE-WQ01,MQTT,00:10:00,200,907
2025-10-28T23:08:05.018305,3,Node_water_quality_916z5,17.433345,78.345823,Hitech City,tds,AE-WQ01,CoAP,00:05:00,200,1173
2025-10-28T23:08:05.898314,6,Node_waste_management_8je4o,17.385423,78.37824,Kondapur,tds,AE-WM01,MQTT,00:01:00,200,298
2025-10-28T23:08:05.699072,5,Node_water_quality_sc1vh,17.399414,78.385267,IIIT Campus,tds,AE-WQ01,MQTT,00:05:00,200,499
2025-10-28T23:08:05.722112,5,Node_water_quality_7z5uh,17.402722,78.38609,Hitech City,tds,AE-WQ01,MQTT,00:05:00,200,499
2025-10-28T23:08:05.788166,7,Node_waste_management_lxi3t,17.412325,78.352913,Hitech City,tds,AE-WM01,CoAP,00:15:00,200,460
2025-10-28T23:08:05.437609,3,Node_water_quality_58pnj,17.404966,78.39187,Chandanagar,tds,AE-WQ01,MQTT,00:15:00,200,821
2025-10-28T23:08:05.465951,4,Node_waste_management_50g8y,17.3986,78.387276,Lingampally,tds,AE-WM01,MQTT,00:01:00,200,794
2025-10-28T23:08:05.880816,5,Node_waste_management_zaxf0,17.400366,78.373787,BHEL,tds,AE-WM01,CoAP,00:01:00,200,392
2025-10-28T23:08:06.004307,8,Node_water_quality_inzqa,17.425887,78.376049,Lingampally,tds,AE-WQ01,MQTT,00:01:00,200,271
2025-10-28T23:08:05.469946,4,Node_waste_management_k6fuy,17.441063,78.39328,Kukatpally,tds,AE-WM01,MQTT,00:05:00,200,818
2025-10-28T23:08:05.523287,4,Node_waste_management_lj1e6,17.444567,78.380303,JNTU,tds,AE-WM01,CoAP,00:15:00,200,769
2025-10-28T23:08:05.479303,4,Node_waste_management_bdwmc,17.405052,78.372269,IIIT Campus,tds,AE-WM01,CoAP,00:10:00,200,900
2025-10-28T23:08:05.755467,6,Node_water_quality_zfbtj,17.426692,78.390394,JNTU,tds,AE-WQ01,MQTT,00:15:00,200,854
2025-10-28T23:08:05.821836,7,Node_waste_management_as5ho,17.395466,78.393338,Lingampally,tds,AE-WM01,MQTT,00:05:00,200,817
2025-10-28T23:08:05.783787,5,Node_water_quality_yzcdw,17.432264,78.365481,Kondapur,tds,AE-WQ01,CoAP,00:01:00,200,891
2025-10-28T23:08:05.932254,7,Node_waste_management_prnv9,17.428032,78.34822,Kothaguda,tds,AE-WM01,MQTT,00:05:00,200,840
2025-10-28T23:08:05.895073,5,Node_waste_management_zmj07,17.392284,78.34499,IIIT Campus,tds,AE-WM01,MQTT,00:05:00,200,924
2025-10-28T23:08:05.886374,5,Node_water_quality_mhfxr,17.419448,78.381638,JNTU,tds,AE-WQ01,CoAP,00:10:00,200,1102
2025-10-28T23:08:06.219558,6,Node_water_quality_cu4qs,17.399152,78.375493,Hitech City,tds,AE-WQ01,CoAP,00:05:00,200,806
2025-10-28T23:08:06.132546,5,Node_water_quality_9bzz2,17.414535,78.364964,Kothaguda,tds,AE-WQ01,CoAP,00:01:00,200,903
2025-10-28T23:08:06.270748,4,Node_waste_management_l59zm,17.434132,78.36298,IIIT Campus,tds,AE-WM01,MQTT,00:15:00,200,770
2025-10-28T23:08:06.321157,5,Node_waste_management_1lkav,17.40873,78.381148,Kondapur,tds,AE-WM01,CoAP,00:05:00,200,748
2025-10-28T23:08:05.562535,3,Node_waste_management_r70a9,17.393572,78.344428,Kondapur,tds,AE-WM01,MQTT,00:05:00,200,1512
2025-10-28T23:08:05.669514,5,Node_water_quality_4szmu,17.423097,78.343803,Madhapur,tds,AE-WQ01,MQTT,00:05:00,200,1421
2025-10-28T23:08:06.236602,6,Node_waste_management_f7ryp,17.418386,78.3777,Chandanagar,tds,AE-WM01,CoAP,00:05:00,200,857
2025-10-28T23:08:06.222312,5,Node_water_quality_9ljdj,17.441932,78.351115,Gachibowli,tds,AE-WQ01,MQTT,00:01:00,200,880
2025-10-28T23:08:06.253716,6,Node_waste_management_zju9t,17.4433,78.373414,Madhapur,tds,AE-WM01,MQTT,00:01:00,200,882
2025-10-28T23:08:06.283994,5,Node_waste_management_z7ro2,17.398954,78.345545,Miyapur,tds,AE-WM01,CoAP,00:01:00,200,865
2025-10-28T23:08:06.309723,6,Node_water_quality_apr0d,17.396587,78.34925,Madhapur,tds,AE-WQ01,CoAP,00:05:00,200,854
2025-10-28T23:08:06.467187,6,Node_water_quality_r7nsz,17.438121,78.349823,Gachibowli,tds,AE-WQ01,CoAP,00:10:00,200,720
2025-10-28T23:08:05.822985,5,Node_water_quality_f5h95,17.437977,78.378306,Lingampally,tds,AE-WQ01,MQTT,00:10:00,200,1369
2025-10-28T23:08:06.003206,1,Node_water_quality_90w0f,17.413702,78.382013,Miyapur,tds,AE-WQ01,CoAP,00:15:00,200,1197
2025-10-28T23:08:05.636693,1,Node_water_quality_zfwvz,17.429795,78.366549,JNTU,tds,AE-WQ01,CoAP,00:15:00,200,1568
2025-10-28T23:08:06.385751,5,Node_waste_management_hs2a2,17.413562,78.377621,Hitech City,tds,AE-WM01,CoAP,00:01:00,200,834
2025-10-28T23:08:06.374099,5,Node_water_quality_256rk,17.405848,78.387799,BHEL,tds,AE-WQ01,MQTT,00:01:00,200,862
2025-10-28T23:08:05.952076,1,Node_water_quality_cxsju,17.424261,78.355188,Chandanagar,tds,AE-WQ01,CoAP,00:01:00,200,1285
2025-10-28T23:08:06.465472,6,Node_waste_management_h2u02,17.422016,78.394314,Hitech City,tds,AE-WM01,MQTT,00:01:00,200,787
2025-10-28T23:08:06.564232,6,Node_water_quality_tm7c8,17.415231,78.388205,Gachibowli,tds,AE-WQ01,CoAP,00:01:00,200,699
2025-10-28T23:08:06.625006,6,Node_waste_management_mphpe,17.431772,78.356804,Kothaguda,tds,AE-WM01,MQTT,00:01:00,200,640
2025-10-28T23:08:06.721493,7,Node_waste_management_elvzv,17.39727,78.337511,Miyapur,tds,AE-WM01,CoAP,00:05:00,200,549
2025-10-28T23:08:06.744038,9,Node_waste_management_1hjhp,17.420968,78.393052,JNTU,tds,AE-WM01,MQTT,00:05:00,200,541
2025-10-28T23:08:06.347666,5,Node_water_quality_mwzp4,17.43016,78.342976,Miyapur,tds,AE-WQ01,MQTT,00:01:00,200,940
2025-10-28T23:08:06.628771,8,Node_waste_management_narya,17.387313,78.390809,Kondapur,tds,AE-WM01,CoAP,00:10:00,200,666
2025-10-28T23:08:06.703255,6,Node_waste_management_16ny1,17.408025,78.36452,Madhapur,tds,AE-WM01,MQTT,00:05:00,200,612
2025-10-28T23:08:06.672619,8,Node_waste_management_7ual3,17.43483,78.347844,JNTU,tds,AE-WM01,MQTT,00:10:00,200,655
2025-10-28T23:08:06.705611,6,Node_waste_management_w0ux4,17.400616,78.38812,Hitech City,tds,AE-WM01,CoAP,00:10:00,200,623
2025-10-28T23:08:06.762509,6,Node_water_quality_kd2dr,17.444446,78.369776,Miyapur,tds,AE-WQ01,MQTT,00:05:00,200,571
2025-10-28T23:08:06.131756,4,Node_water_quality_g4vng,17.421712,78.351627,Hitech City,tds,AE-WQ01,MQTT,00:05:00,200,1206
2025-10-28T23:08:06.341622,4,Node_waste_management_3ksew,17.429345,78.371767,Kukatpally,tds,AE-WM01,MQTT,00:01:00,200,1011
2025-10-28T23:08:06.016098,5,Node_water_quality_bf86p,17.426515,78.372546,Madhapur,tds,AE-WQ01,CoAP,00:05:00,200,1351
2025-10-28T23:08:06.250110,3,Node_waste_management_o7bra,17.427845,78.390235,Chandanagar,tds,AE-WM01,MQTT,00:01:00,200,1118
2025-10-28T23:08:06.332232,4,Node_waste_management_1vwp5,17.391497,78.386577,Kothaguda,tds,AE-WM01,CoAP,00:15:00,200,1038
2025-10-28T23:08:06.203518,3,Node_waste_management_gqcm5,17.42598,78.36333,JNTU,tds,AE-WM01,CoAP,00:05:00,200,1176
2025-10-28T23:08:06.474595,4,Node_waste_management_i28wo,17.43553,78.361821,Miyapur,tds,AE-WM01,MQTT,00:15:00,200,906
2025-10-28T23:08:06.255528,4,Node_water_quality_yo1h0,17.413223,78.392991,Miyapur,tds,AE-WQ01,MQTT,00:10:00,200,1125
2025-10-28T23:08:06.701759,4,Node_water_quality_q1fqe,17.400292,78.3788,JNTU,tds,AE-WQ01,MQTT,00:05:00,200,691
2025-10-28T23:08:06.647332,5,Node_water_quality_swzpd,17.424142,78.342943,BHEL,tds,AE-WQ01,CoAP,00:10:00,200,761
2025-10-28T23:08:06.687860,7,Node_waste_management_kqd1w,17.41814,78.368984,Miyapur,tds,AE-WM01,MQTT,00:15:00,200,746
2025-10-28T23:08:06.733136,5,Node_waste_management_h5pj7,17.403783,78.354959,BHEL,tds,AE-WM01,CoAP,00:01:00,200,705
2025-10-28T23:08:06.661969,5,Node_waste_management_j9r42,17.391193,78.34988,Kukatpally,tds,AE-WM01,CoAP,00:05:00,200,783
2025-10-28T23:08:06.852976,5,Node_waste_management_ryls8,17.402205,78.37453,Kondapur,tds,AE-WM01,MQTT,00:01:00,200,613
2025-10-28T23:08:06.817098,4,Node_waste_management_hcggf,17.386539,78.384574,Madhapur,tds,AE-WM01,MQTT,00:01:00,200,666
2025-10-28T23:08:06.978836,7,Node_water_quality_8fl84,17.409392,78.38342,BHEL,tds,AE-WQ01,CoAP,00:01:00,200,505
2025-10-28T23:08:07.384677,7,Node_waste_management_v5noj,17.423273,78.346072,Lingampally,tds,AE-WM01,MQTT,00:05:00,200,134
2025-10-28T23:08:07.470001,6,Node_water_quality_q891t,17.420166,78.341439,Lingampally,tds,AE-WQ01,CoAP,00:10:00,200,142
2025-10-28T23:08:07.474499,7,Node_water_quality_tdwjg,17.388308,78.382877,Kondapur,tds,AE-WQ01,MQTT,00:10:00,200,140
2025-10-28T23:08:07.121449,8,Node_waste_management_i44qk,17.425939,78.389941,Madhapur,tds,AE-WM01,CoAP,00:01:00,200,551
2025-10-28T23:08:07.097021,8,Node_waste_management_gocef,17.439896,78.364969,Chandanagar,tds,AE-WM01,CoAP,00:01:00,200,599
2025-10-28T23:08:07.407869,6,Node_waste_management_x0jw3,17.389292,78.363319,Chandanagar,tds,AE-WM01,CoAP,00:01:00,200,305
2025-10-28T23:08:07.238628,6,Node_water_quality_52ywi,17.42908,78.342133,Lingampally,tds,AE-WQ01,CoAP,00:10:00,200,478
2025-10-28T23:08:07.577820,5,Node_water_quality_lbkij,17.402226,78.376773,Lingampally,tds,AE-WQ01,MQTT,00:15:00,200,230
2025-10-28T23:08:07.470936,6,Node_waste_management_qcvhg,17.387296,78.336065,Kothaguda,tds,AE-WM01,CoAP,00:01:00,200,416
2025-10-28T23:08:07.590626,10,Node_water_quality_8d533,17.416165,78.38793,BHEL,tds,AE-WQ01,CoAP,00:10:00,200,767
2025-10-28T23:08:07.579707,6,Node_water_quality_z52w3,17.435456,78.350745,Gachibowli,tds,AE-WQ01,CoAP,00:15:00,200,910
2025-10-28T23:08:07.763049,8,Node_water_quality_k1jss,17.40853,78.383443,Kondapur,tds,AE-WQ01,MQTT,00:01:00,200,734
2025-10-28T23:08:07.519786,6,Node_water_quality_cr12v,17.421684,78.347799,Kothaguda,tds,AE-WQ01,MQTT,00:01:00,200,1121
2025-10-28T23:08:07.533108,7,Node_waste_management_g69yd,17.397987,78.345669,Madhapur,tds,AE-WM01,CoAP,00:05:00,200,1149
2025-10-28T23:08:07.644480,6,Node_water_quality_vsi0i,17.435226,78.391291,IIIT Campus,tds,AE-WQ01,CoAP,00:10:00,200,1049
2025-10-28T23:08:07.698428,7,Node_waste_management_89zkk,17.43926,78.391531,IIIT Campus,tds,AE-WM01,CoAP,00:05:00,200,996
2025-10-28T23:08:07.575820,6,Node_waste_management_0mmd3,17.402798,78.335467,BHEL,tds,AE-WM01,CoAP,00:01:00,200,1120
2025-10-28T23:08:07.763656,7,Node_waste_management_nrzdt,17.390539,78.388749,IIIT Campus,tds,AE-WM01,CoAP,00:10:00,200,973
2025-10-28T23:08:07.842964,8,Node_water_quality_rqe30,17.41823,78.37711,Chandanagar,tds,AE-WQ01,CoAP,00:15:00,200,911
2025-10-28T23:08:07.715312,7,Node_water_quality_urbkr,17.417394,78.362192,IIIT Campus,tds,AE-WQ01,MQTT,00:15:00,200,1039
2025-10-28T23:08:07.800768,6,Node_water_quality_3zcz3,17.388679,78.357854,Hitech City,tds,AE-WQ01,MQTT,00:05:00,200,955
2025-10-28T23:08:07.858701,7,Node_waste_management_ufkvj,17.389566,78.382479,BHEL,tds,AE-WM01,CoAP,00:01:00,200,916
2025-10-28T23:08:07.853124,7,Node_water_quality_jp37z,17.426644,78.361156,BHEL,tds,AE-WQ01,CoAP,00:15:00,200,923
2025-10-28T23:08:07.797980,9,Node_water_quality_8jqv4,17.409418,78.370247,Madhapur,tds,AE-WQ01,MQTT,00:15:00,200,995
2025-10-28T23:08:07.819330,8,Node_water_quality_gn73q,17.412111,78.354149,Hitech City,tds,AE-WQ01,MQTT,00:05:00,200,974
2025-10-28T23:08:07.685090,7,Node_water_quality_9j1j5,17.433088,78.391212,Gachibowli,tds,AE-WQ01,MQTT,00:01:00,200,1109
2025-10-28T23:08:07.967224,8,Node_waste_management_2slby,17.394568,78.367023,Gachibowli,tds,AE-WM01,CoAP,00:01:00,200,834
2025-10-28T23:08:07.725401,6,Node_waste_management_70p94,17.432064,78.352052,Chandanagar,tds,AE-WM01,CoAP,00:05:00,200,1111
2025-10-28T23:08:07.760284,6,Node_water_quality_l4gqk,17.409545,78.351003,BHEL,tds,AE-WQ01,CoAP,00:15:00,200,1077
2025-10-28T23:08:07.854270,9,Node_water_quality_he20g,17.437304,78.394525,Gachibowli,tds,AE-WQ01,MQTT,00:15:00,200,1001
2025-10-28T23:08:07.965880,6,Node_waste_management_ev9gv,17.439097,78.343342,JNTU,tds,AE-WM01,CoAP,00:15:00,200,911
2025-10-28T23:08:08.073836,8,Node_water_quality_ugfdc,17.394991,78.369235,BHEL,tds,AE-WQ01,CoAP,00:05:00,200,817
2025-10-28T23:08:07.921518,7,Node_waste_management_7x5ep,17.385628,78.369586,JNTU,tds,AE-WM01,MQTT,00:15:00,200,983
2025-10-28T23:08:07.885934,7,Node_water_quality_t1ftn,17.412042,78.3438,Lingampally,tds,AE-WQ01,MQTT,00:15:00,200,1020
2025-10-28T23:08:07.981957,5,Node_water_quality_nje8y,17.393002,78.340362,Madhapur,tds,AE-WQ01,CoAP,00:01:00,200,926
2025-10-28T23:08:07.938321,6,Node_waste_management_zbclo,17.407107,78.347193,Gachibowli,tds,AE-WM01,CoAP,00:15:00,200,1005
2025-10-28T23:08:07.947918,6,Node_water_quality_huqg0,17.38578,78.363489,Kondapur,tds,AE-WQ01,MQTT,00:15:00,200,998
2025-10-28T23:08:08.450048,7,Node_water_quality_ork45,17.399496,78.336762,Miyapur,tds,AE-WQ01,CoAP,00:10:00,200,498
2025-10-28T23:08:08.167734,6,Node_waste_management_delap,17.391706,78.345566,Hitech City,tds,AE-WM01,CoAP,00:05:00,200,806
2025-10-28T23:08:08.013296,6,Node_water_quality_2jz6y,17.394336,78.392252,Kukatpally,tds,AE-WQ01,CoAP,00:15:00,200,967
2025-10-28T23:08:08.105448,9,Node_waste_management_7lvef,17.418254,78.354238,Kothaguda,tds,AE-WM01,MQTT,00:01:00,200,889
2025-10-28T23:08:08.178307,7,Node_water_quality_7uibt,17.403413,78.373891,Madhapur,tds,AE-WQ01,CoAP,00:15:00,200,822
2025-10-28T23:08:08.053931,9,Node_water_quality_0t7m8,17.385218,78.367407,Chandanagar,tds,AE-WQ01,MQTT,00:15:00,200,955
2025-10-28T23:08:08.174529,7,Node_water_quality_r6qfr,17.429409,78.339393,Chandanagar,tds,AE-WQ01,MQTT,00:05:00,200,835
2025-10-28T23:08:07.665704,2,Node_waste_management_rtcrt,17.401712,78.387497,Miyapur,tds,AE-WM01,MQTT,00:01:00,200,1363
2025-10-28T23:08:07.664799,5,Node_waste_management_0utdr,17.443023,78.391292,Miyapur,tds,AE-WM01,MQTT,00:05:00,200,1377
2025-10-28T23:08:07.670991,2,Node_water_quality_s1kfj,17.411931,78.347358,Madhapur,tds,AE-WQ01,CoAP,00:01:00,200,1375
2025-10-28T23:08:08.913999,11,Node_waste_management_pidw3,17.385554,78.359612,Hitech City,tds,AE-WM01,MQTT,00:10:00,200,135
2025-10-28T23:08:07.697634,4,Node_waste_management_92x3x,17.439029,78.363313,Kothaguda,tds,AE-WM01,MQTT,00:05:00,200,1360
2025-10-28T23:08:07.658826,4,Node_water_quality_yjep3,17.412602,78.3792,Kondapur,tds,AE-WQ01,MQTT,00:15:00,200,1403
2025-10-28T23:08:07.776908,6,Node_waste_management_awyyj,17.436731,78.337727,Hitech City,tds,AE-WM01,MQTT,00:15:00,200,1290
2025-10-28T23:08:07.694245,4,Node_water_quality_eql6j,17.436628,78.335237,Kothaguda,tds,AE-WQ01,MQTT,00:15:00,200,1378
2025-10-28T23:08:07.786536,2,Node_water_quality_jyh1h,17.439632,78.359169,Kondapur,tds,AE-WQ01,MQTT,00:10:00,200,1304
2025-10-28T23:08:07.733812,5,Node_waste_management_qppq4,17.403454,78.347663,Madhapur,tds,AE-WM01,MQTT,00:01:00,200,1359
2025-10-28T23:08:07.787972,6,Node_water_quality_bzux9,17.439055,78.379316,Kothaguda,tds,AE-WQ01,CoAP,00:01:00,200,1311
2025-10-28T23:08:08.960180,7,Node_water_quality_d2kiy,17.385397,78.382187,Hitech City,tds,AE-WQ01,MQTT,00:01:00,200,140
2025-10-28T23:08:07.916711,7,Node_water_quality_fxzmo,17.425303,78.363869,Kondapur,tds,AE-WQ01,MQTT,00:01:00,200,1186
2025-10-28T23:08:07.748914,5,Node_water_quality_qj7ck,17.40046,78.384472,Kothaguda,tds,AE-WQ01,CoAP,00:15:00,200,1355
2025-10-28T23:08:07.843858,5,Node_waste_management_3efjl,17.387942,78.350388,JNTU,tds,AE-WM01,MQTT,00:10:00,200,1285
2025-10-28T23:08:07.689157,5,Node_water_quality_g0zy0,17.40499,78.387162,Chandanagar,tds,AE-WQ01,CoAP,00:10:00,200,1449
2025-10-28T23:08:09.008651,9,Node_water_quality_y7463,17.389538,78.385183,Chandanagar,tds,AE-WQ01,CoAP,00:15:00,200,138
2025-10-28T23:08:07.992523,5,Node_water_quality_o7c3y,17.403427,78.393928,Madhapur,tds,AE-WQ01,MQTT,00:01:00,200,1156
2025-10-28T23:08:08.939678,7,Node_water_quality_dd8tv,17.42192,78.362605,Miyapur,tds,AE-WQ01,MQTT,00:05:00,200,267
2025-10-28T23:08:09.083076,8,Node_waste_management_a2pcj,17.426774,78.385481,Miyapur,tds,AE-WM01,MQTT,00:10:00,200,366
2025-10-28T23:08:09.066443,8,Node_water_quality_44unl,17.442589,78.381545,Gachibowli,tds,AE-WQ01,CoAP,00:05:00,200,390
2025-10-28T23:08:09.150825,8,Node_water_quality_8167e,17.440805,78.377479,Miyapur,tds,AE-WQ01,MQTT,00:05:00,200,527
2025-10-28T23:08:09.181670,7,Node_water_quality_p4sem,17.417759,78.390741,Kukatpally,tds,AE-WQ01,MQTT,00:10:00,200,972
2025-10-28T23:08:09.283540,7,Node_waste_management_fb5ot,17.429823,78.340745,IIIT Campus,tds,AE-WM01,CoAP,00:10:00,200,912
2025-10-28T23:08:09.201771,7,Node_waste_management_2o0u2,17.412792,78.374843,Madhapur,tds,AE-WM01,MQTT,00:01:00,200,1022
2025-10-28T23:08:09.275273,9,Node_waste_management_a7qrz,17.437264,78.355474,JNTU,tds,AE-WM01,MQTT,00:15:00,200,976
2025-10-28T23:08:09.200816,7,Node_waste_management_depsg,17.41161,78.361351,IIIT Campus,tds,AE-WM01,MQTT,00:10:00,200,1062
2025-10-28T23:08:09.231918,8,Node_water_quality_8nd8j,17.428626,78.374991,IIIT Campus,tds,AE-WQ01,MQTT,00:01:00,200,1107
2025-10-28T23:08:09.227888,8,Node_waste_management_574c3,17.389042,78.344725,Lingampally,tds,AE-WM01,MQTT,00:05:00,200,1112
2025-10-28T23:08:09.303393,7,Node_water_quality_3blxr,17.438017,78.354974,IIIT Campus,tds,AE-WQ01,MQTT,00:10:00,200,1051
2025-10-28T23:08:09.341888,7,Node_water_quality_gdinf,17.421725,78.372037,Kondapur,tds,AE-WQ01,CoAP,00:10:00,200,1017
2025-10-28T23:08:09.263398,9,Node_water_quality_jwkja,17.397499,78.359637,Kondapur,tds,AE-WQ01,CoAP,00:01:00,200,1098
2025-10-28T23:08:09.224679,8,Node_water_quality_hy413,17.411369,78.389774,Lingampally,tds,AE-WQ01,MQTT,00:05:00,200,1144
2025-10-28T23:08:09.321211,7,Node_waste_management_koch5,17.394572,78.358347,Chandanagar,tds,AE-WM01,MQTT,00:10:00,200,1052
2025-10-28T23:08:09.351492,10,Node_waste_management_hzzvx,17.417919,78.342295,IIIT Campus,tds,AE-WM01,CoAP,00:15:00,200,1029
2025-10-28T23:08:09.254280,10,Node_waste_management_odaab,17.395241,78.352182,Madhapur,tds,AE-WM01,MQTT,00:01:00,200,1140
2025-10-28T23:08:09.251236,8,Node_waste_management_rxt1d,17.395652,78.390731,JNTU,tds,AE-WM01,MQTT,00:05:00,200,1150
2025-10-28T23:08:09.279317,9,Node_water_quality_g6hzz,17.422286,78.388452,BHEL,tds,AE-WQ01,CoAP,00:15:00,200,1123
2025-10-28T23:08:09.285908,8,Node_water_quality_21lu6,17.438329,78.348308,Kondapur,tds,AE-WQ01,MQTT,00:10:00,200,1117
2025-10-28T23:08:09.445242,12,Node_water_quality_qp3mu,17.38574,78.394395,Kondapur,tds,AE-WQ01,MQTT,00:15:00,200,969
2025-10-28T23:08:09.370120,8,Node_waste_management_tsbxj,17.443553,78.358237,Kondapur,tds,AE-WM01,MQTT,00:15:00,200,1045
2025-10-28T23:08:09.352153,7,Node_waste_management_kwb0f,17.421609,78.393141,IIIT Campus,tds,AE-WM01,MQTT,00:05:00,200,1066
2025-10-28T23:08:09.445937,9,Node_waste_management_ajy0p,17.43796,78.382935,BHEL,tds,AE-WM01,CoAP,00:10:00,200,975
2025-10-28T23:08:09.511276,8,Node_waste_management_w4g85,17.427517,78.388889,Lingampally,tds,AE-WM01,MQTT,00:15:00,200,927
2025-10-28T23:08:09.390656,8,Node_water_quality_4ivub,17.42059,78.339831,Kothaguda,tds,AE-WQ01,CoAP,00:05:00,200,1049
2025-10-28T23:08:09.476835,8,Node_waste_management_benm6,17.437578,78.356392,Gachibowli,tds,AE-WM01,CoAP,00:10:00,200,975
2025-10-28T23:08:09.771541,9,Node_waste_management_cn69z,17.387989,78.376013,IIIT Campus,tds,AE-WM01,CoAP,00:10:00,200,683
2025-10-28T23:08:09.478221,10,Node_water_quality_1xfks,17.419174,78.361395,Kukatpally,tds,AE-WQ01,CoAP,00:10:00,200,978
2025-10-28T23:08:09.488994,10,Node_water_quality_5np0a,17.427626,78.365485,JNTU,tds,AE-WQ01,MQTT,00:10:00,200,968
2025-10-28T23:08:09.479549,7,Node_waste_management_wsukk,17.403333,78.374983,JNTU,tds,AE-WM01,CoAP,00:05:00,200,986
2025-10-28T23:08:09.469128,7,Node_waste_management_nf4wr,17.385646,78.364725,Kothaguda,tds,AE-WM01,MQTT,00:01:00,200,1005
2025-10-28T23:08:09.548563,8,Node_water_quality_veciz,17.424683,78.38757,Miyapur,tds,AE-WQ01,MQTT,00:15:00,200,926
2025-10-28T23:08:09.753689,9,Node_waste_management_qu4aj,17.437466,78.343874,Kothaguda,tds,AE-WM01,CoAP,00:10:00,200,721
2025-10-28T23:08:09.489418,6,Node_water_quality_ey4kj,17.417152,78.336739,Hitech City,tds,AE-WQ01,CoAP,00:10:00,200,990
2025-10-28T23:08:10.120578,9,Node_water_quality_lyrtt,17.417283,78.370521,BHEL,tds,AE-WQ01,CoAP,00:05:00,200,366
2025-10-28T23:08:09.392096,5,Node_water_quality_gd4xd,17.438448,78.361318,Lingampally,tds,AE-WQ01,MQTT,00:10:00,200,1148
2025-10-28T23:08:09.443904,3,Node_waste_management_ry1ln,17.388489,78.370192,Kukatpally,tds,AE-WM01,CoAP,00:01:00,200,1100
2025-10-28T23:08:09.410695,3,Node_waste_management_iwwj8,17.439427,78.373577,Kothaguda,tds,AE-WM01,MQTT,00:05:00,200,1145
2025-10-28T23:08:09.467983,5,Node_waste_management_k2kmv,17.429206,78.378101,Lingampally,tds,AE-WM01,CoAP,00:05:00,200,1103
2025-10-28T23:08:09.471506,8,Node_waste_management_yci4h,17.390796,78.367092,Kothaguda,tds,AE-WM01,MQTT,00:15:00,200,1104
2025-10-28T23:08:09.658047,5,Node_water_quality_h2tvt,17.444451,78.351548,Miyapur,tds,AE-WQ01,CoAP,00:10:00,200,980
2025-10-28T23:08:10.518276,8,Node_water_quality_11qzz,17.441968,78.379413,IIIT Campus,tds,AE-WQ01,CoAP,00:01:00,200,126
2025-10-28T23:08:09.491866,6,Node_water_quality_tsin8,17.440484,78.372746,Lingampally,tds,AE-WQ01,CoAP,00:01:00,200,1156
2025-10-28T23:08:09.723508,6,Node_water_quality_ar99d,17.386103,78.360153,Chandanagar,tds,AE-WQ01,MQTT,00:10:00,200,929
2025-10-28T23:08:09.521283,6,Node_water_quality_ujgo5,17.415178,78.390264,JNTU,tds,AE-WQ01,MQTT,00:05:00,200,1148
2025-10-28T23:08:10.542859,8,Node_water_quality_j4a2h,17.406684,78.36454,BHEL,tds,AE-WQ01,CoAP,00:10:00,200,129
2025-10-28T23:08:09.656997,7,Node_waste_management_kpqre,17.401297,78.342726,Miyapur,tds,AE-WM01,MQTT,00:15:00,200,1016
2025-10-28T23:08:09.495149,3,Node_water_quality_eqqls,17.421719,78.385942,JNTU,tds,AE-WQ01,MQTT,00:05:00,200,1206
2025-10-28T23:08:09.492850,7,Node_water_quality_7jzj9,17.415158,78.356576,Lingampally,tds,AE-WQ01,CoAP,00:01:00,200,1226
2025-10-28T23:08:09.488235,6,Node_waste_management_wjh3u,17.409381,78.369232,Miyapur,tds,AE-WM01,CoAP,00:01:00,200,1265
2025-10-28T23:08:09.649636,8,Node_water_quality_n0eet,17.438229,78.376292,BHEL,tds,AE-WQ01,MQTT,00:05:00,200,1111
2025-10-28T23:08:09.669969,6,Node_waste_management_9wa9c,17.410254,78.360672,JNTU,tds,AE-WM01,CoAP,00:01:00,200,1101
2025-10-28T23:08:09.510265,6,Node_water_quality_zi9t2,17.427212,78.352579,IIIT Campus,tds,AE-WQ01,MQTT,00:10:00,200,1264
2025-10-28T23:08:10.650043,10,Node_waste_management_17djh,17.416385,78.356857,Lingampally,tds,AE-WM01,CoAP,00:05:00,200,322
2025-10-28T23:08:10.655469,8,Node_waste_management_c520f,17.415205,78.394894,Lingampally,tds,AE-WM01,MQTT,00:15:00,200,375
2025-10-28T23:08:10.680136,9,Node_waste_management_tvda0,17.404391,78.385375,Hitech City,tds,AE-WM01,MQTT,00:15:00,200,767
2025-10-28T23:08:10.685237,8,Node_waste_management_ooy9d,17.38651,78.392704,Hitech City,tds,AE-WM01,CoAP,00:15:00,200,880
2025-10-28T23:08:10.830899,10,Node_waste_management_zp70c,17.39358,78.354839,Chandanagar,tds,AE-WM01,CoAP,00:15:00,200,950
2025-10-28T23:08:10.760134,8,Node_water_quality_x2xgt,17.436998,78.358517,Hitech City,tds,AE-WQ01,CoAP,00:05:00,200,1047
2025-10-28T23:08:10.758613,9,Node_water_quality_pcsxr,17.413519,78.384646,Kothaguda,tds,AE-WQ01,CoAP,00:05:00,200,1049
2025-10-28T23:08:10.858194,8,Node_waste_management_wz033,17.403252,78.34083,BHEL,tds,AE-WM01,CoAP,00:10:00,200,968
2025-10-28T23:08:10.845125,10,Node_waste_management_mp0oq,17.38999,78.355937,Lingampally,tds,AE-WM01,CoAP,00:15:00,200,989
2025-10-28T23:08:10.740876,9,Node_water_quality_cllr5,17.404881,78.35943,Kondapur,tds,AE-WQ01,CoAP,00:05:00,200,1110
2025-10-28T23:08:10.794407,7,Node_water_quality_q7rcb,17.444935,78.339086,Lingampally,tds,AE-WQ01,CoAP,00:01:00,200,1070
2025-10-28T23:08:10.805999,8,Node_waste_management_4sxvd,17.431212,78.346027,Gachibowli,tds,AE-WM01,CoAP,00:10:00,200,1059
2025-10-28T23:08:10.759388,9,Node_water_quality_jrd3z,17.402784,78.348639,Kothaguda,tds,AE-WQ01,CoAP,00:15:00,200,1106
2025-10-28T23:08:10.800133,9,Node_water_quality_tb3za,17.394122,78.383823,Chandanagar,tds,AE-WQ01,MQTT,00:10:00,200,1075
2025-10-28T23:08:10.860204,10,Node_water_quality_t2z7h,17.418724,78.342535,Gachibowli,tds,AE-WQ01,CoAP,00:10:00,200,1025
2025-10-28T23:08:10.921928,9,Node_water_quality_u7ml1,17.397267,78.372171,Hitech City,tds,AE-WQ01,CoAP,00:01:00,200,978
2025-10-28T23:08:10.918185,11,Node_waste_management_2koqu,17.415095,78.375878,Chandanagar,tds,AE-WM01,CoAP,00:15:00,200,983
2025-10-28T23:08:10.884156,13,Node_waste_management_0d74c,17.390566,78.344226,Hitech City,tds,AE-WM01,MQTT,00:10:00,200,1025
2025-10-28T23:08:10.796463,11,Node_waste_management_xtnpo,17.424211,78.349656,Lingampally,tds,AE-WM01,MQTT,00:01:00,200,1114
2025-10-28T23:08:10.912107,8,Node_water_quality_8rm0w,17.400683,78.383555,Gachibowli,tds,AE-WQ01,MQTT,00:15:00,200,1003
2025-10-28T23:08:10.931555,9,Node_waste_management_a0n40,17.405642,78.347864,IIIT Campus,tds,AE-WM01,MQTT,00:15:00,200,995
2025-10-28T23:08:10.925708,10,Node_water_quality_dv8j3,17.417893,78.375776,Lingampally,tds,AE-WQ01,MQTT,00:10:00,200,1007
2025-10-28T23:08:10.946453,9,Node_water_quality_nw4xk,17.427915,78.371607,Kothaguda,tds,AE-WQ01,MQTT,00:15:00,200,987
2025-10-28T23:08:10.934007,11,Node_waste_management_gp29o,17.428039,78.351066,Lingampally,tds,AE-WM01,CoAP,00:01:00,200,1000
2025-10-28T23:08:11.040576,10,Node_waste_management_3s8qj,17.424712,78.366476,Kukatpally,tds,AE-WM01,MQTT,00:15:00,200,915
2025-10-28T23:08:10.954630,8,Node_waste_management_jts84,17.420387,78.34441,JNTU,tds,AE-WM01,CoAP,00:01:00,200,1002
2025-10-28T23:08:10.939724,9,Node_water_quality_0efor,17.429253,78.362648,JNTU,tds,AE-WQ01,CoAP,00:10:00,200,1018
2025-10-28T23:08:10.959997,10,Node_water_quality_nfjt8,17.402859,78.3472,Hitech City,tds,AE-WQ01,CoAP,00:10:00,200,999
2025-10-28T23:08:11.070775,9,Node_water_quality_gf45t,17.410128,78.365287,Madhapur,tds,AE-WQ01,MQTT,00:10:00,200,889
2025-10-28T23:08:11.137625,9,Node_water_quality_egyw9,17.435051,78.388603,Chandanagar,tds,AE-WQ01,CoAP,00:01:00,200,831
2025-10-28T23:08:10.990440,8,Node_water_quality_hkzta,17.385799,78.336787,Hitech City,tds,AE-WQ01,MQTT,00:05:00,200,982
2025-10-28T23:08:11.025335,9,Node_water_quality_nfhef,17.444884,78.382114,Miyapur,tds,AE-WQ01,CoAP,00:15:00,200,948
2025-10-28T23:08:11.281675,11,Node_water_quality_nqas9,17.401129,78.373469,Hitech City,tds,AE-WQ01,MQTT,00:01:00,200,705
2025-10-28T23:08:11.561752,9,Node_water_quality_la66b,17.428732,78.38134,BHEL,tds,AE-WQ01,MQTT,00:05:00,200,432
2025-10-28T23:08:10.887161,6,Node_water_quality_3bg2h,17.431387,78.36248,JNTU,tds,AE-WQ01,MQTT,00:05:00,200,1107
2025-10-28T23:08:10.953096,9,Node_water_quality_pbkcu,17.420359,78.35404,JNTU,tds,AE-WQ01,CoAP,00:10:00,200,1072
2025-10-28T23:08:11.858111,10,Node_waste_management_5tafw,17.433252,78.349835,Hitech City,tds,AE-WM01,MQTT,00:05:00,200,208
2025-10-28T23:08:10.999157,7,Node_water_quality_ndbiz,17.385814,78.363739,Gachibowli,tds,AE-WQ01,CoAP,00:05:00,200,1126
2025-10-28T23:08:11.144840,4,Node_water_quality_5iuz3,17.424494,78.364449,Chandanagar,tds,AE-WQ01,CoAP,00:05:00,200,1018
2025-10-28T23:08:10.926822,6,Node_water_quality_78gnh,17.437325,78.367413,Chandanagar,tds,AE-WQ01,MQTT,00:10:00,200,1255
2025-10-28T23:08:10.932859,4,Node_waste_management_k3pi1,17.434918,78.378603,Kothaguda,tds,AE-WM01,MQTT,00:10:00,200,1255
2025-10-28T23:08:11.044534,7,Node_water_quality_vzphl,17.405244,78.374432,Hitech City,tds,AE-WQ01,MQTT,00:10:00,200,1174
2025-10-28T23:08:11.167983,8,Node_water_quality_mic4y,17.385985,78.349685,Kukatpally,tds,AE-WQ01,CoAP,00:15:00,200,1063
2025-10-28T23:08:11.193759,8,Node_waste_management_osl5k,17.400581,78.383315,Miyapur,tds,AE-WM01,CoAP,00:01:00,200,1073
2025-10-28T23:08:12.089677,9,Node_water_quality_6fc31,17.415561,78.38627,BHEL,tds,AE-WQ01,MQTT,00:05:00,200,179
2025-10-28T23:08:11.186694,9,Node_waste_management_xvrty,17.386352,78.347241,Miyapur,tds,AE-WM01,CoAP,00:10:00,200,1091
2025-10-28T23:08:11.236881,7,Node_waste_management_094tl,17.400424,78.38602,Kothaguda,tds,AE-WM01,CoAP,00:10:00,200,1077
2025-10-28T23:08:11.293383,7,Node_waste_management_u1h41,17.416666,78.348898,BHEL,tds,AE-WM01,CoAP,00:05:00,200,1026
2025-10-28T23:08:11.252660,7,Node_water_quality_jdfnb,17.393847,78.351161,IIIT Campus,tds,AE-WQ01,MQTT,00:01:00,200,1077
2025-10-28T23:08:11.224398,6,Node_water_quality_1iflu,17.432489,78.382505,Kothaguda,tds,AE-WQ01,MQTT,00:01:00,200,1111
2025-10-28T23:08:11.174749,4,Node_water_quality_i859v,17.41589,78.379056,Kondapur,tds,AE-WQ01,CoAP,00:05:00,200,1161
2025-10-28T23:08:11.108894,7,Node_water_quality_bwax9,17.38622,78.345362,Madhapur,tds,AE-WQ01,MQTT,00:15:00,200,1244
2025-10-28T23:08:12.204669,10,Node_water_quality_39jj7,17.41635,78.358136,Kondapur,tds,AE-WQ01,CoAP,00:01:00,200,222
2025-10-28T23:08:12.210940,9,Node_water_quality_b2rzm,17.394452,78.340949,Miyapur,tds,AE-WQ01,CoAP,00:15:00,200,249
2025-10-28T23:08:12.246282,14,Node_water_quality_kebsg,17.397163,78.345009,Kukatpally,tds,AE-WQ01,CoAP,00:05:00,200,724
2025-10-28T23:08:12.296073,8,Node_water_quality_cm6ld,17.435742,78.390608,Gachibowli,tds,AE-WQ01,MQTT,00:01:00,200,1065
2025-10-28T23:08:12.358499,10,Node_waste_management_dcna5,17.404214,78.371088,Kondapur,tds,AE-WM01,MQTT,00:05:00,200,1017
2025-10-28T23:08:12.262473,10,Node_waste_management_2asq5,17.398775,78.335476,Kothaguda,tds,AE-WM01,MQTT,00:15:00,200,1115
2025-10-28T23:08:12.371092,11,Node_waste_management_gnd7i,17.399863,78.39022,Kondapur,tds,AE-WM01,CoAP,00:10:00,200,1038
2025-10-28T23:08:12.309496,11,Node_waste_management_949q8,17.418435,78.377367,Kondapur,tds,AE-WM01,MQTT,00:01:00,200,1102
2025-10-28T23:08:12.328592,10,Node_water_quality_mbca8,17.41608,78.341637,BHEL,tds,AE-WQ01,MQTT,00:05:00,200,1093
2025-10-28T23:08:12.326305,10,Node_waste_management_03u58,17.39024,78.349853,Kothaguda,tds,AE-WM01,MQTT,00:15:00,200,1096
2025-10-28T23:08:12.403938,11,Node_waste_management_rzff2,17.436697,78.385514,Chandanagar,tds,AE-WM01,CoAP,00:10:00,200,1028
2025-10-28T23:08:12.377201,11,Node_waste_management_vnx1c,17.390197,78.342532,Hitech City,tds,AE-WM01,MQTT,00:05:00,200,1055
2025-10-28T23:08:12.327481,9,Node_water_quality_5elyq,17.415323,78.387569,BHEL,tds,AE-WQ01,MQTT,00:15:00,200,1114
2025-10-28T23:08:12.414662,10,Node_waste_management_y65qp,17.443538,78.376072,Kondapur,tds,AE-WM01,CoAP,00:01:00,200,1027
2025-10-28T23:08:12.340969,10,Node_water_quality_dvl3v,17.415677,78.362581,Gachibowli,tds,AE-WQ01,MQTT,00:15:00,200,1101
2025-10-28T23:08:12.460549,10,Node_waste_management_mvesv,17.38597,78.391329,Hitech City,tds,AE-WM01,CoAP,00:10:00,200,989
2025-10-28T23:08:12.350032,12,Node_waste_management_rbmz7,17.404441,78.3896,Kondapur,tds,AE-WM01,MQTT,00:01:00,200,1107
2025-10-28T23:08:12.468170,12,Node_water_quality_uic1w,17.400645,78.382412,Miyapur,tds,AE-WQ01,MQTT,00:05:00,200,993
2025-10-28T23:08:12.408223,10,Node_water_quality_2pu15,17.408536,78.371897,Madhapur,tds,AE-WQ01,MQTT,00:05:00,200,1056
2025-10-28T23:08:12.376006,10,Node_waste_management_qb4zg,17.434166,78.38462,Chandanagar,tds,AE-WM01,MQTT,00:15:00,200,1101
2025-10-28T23:08:12.544064,9,Node_waste_management_v7naw,17.40207,78.351043,Kondapur,tds,AE-WM01,CoAP,00:15:00,200,965
2025-10-28T23:08:12.430501,9,Node_waste_management_4a0as,17.438207,78.338102,Kondapur,tds,AE-WM01,CoAP,00:15:00,200,1079
2025-10-28T23:08:12.426186,12,Node_waste_management_t5pk5,17.44263,78.348845,Kondapur,tds,AE-WM01,CoAP,00:15:00,200,1085
2025-10-28T23:08:12.454106,10,Node_water_quality_36xc3,17.402726,78.373828,Gachibowli,tds,AE-WQ01,CoAP,00:05:00,200,1058
2025-10-28T23:08:12.375301,9,Node_water_quality_iok6y,17.40593,78.360863,IIIT Campus,tds,AE-WQ01,MQTT,00:05:00,200,1137
2025-10-28T23:08:12.490080,9,Node_waste_management_71dsk,17.438629,78.372144,BHEL,tds,AE-WM01,CoAP,00:05:00,200,1037
2025-10-28T23:08:12.555532,11,Node_water_quality_4icyk,17.440511,78.361146,BHEL,tds,AE-WQ01,MQTT,00:15:00,200,977
2025-10-28T23:08:12.579617,12,Node_waste_management_39511,17.443843,78.391443,Lingampally,tds,AE-WM01,MQTT,00:15:00,200,957
2025-10-28T23:08:12.797283,10,Node_waste_management_twxd4,17.392519,78.335515,Kukatpally,tds,AE-WM01,CoAP,00:15:00,200,763
2025-10-28T23:08:12.829322,11,Node_waste_management_42qqj,17.416291,78.353176,Kukatpally,tds,AE-WM01,CoAP,00:15:00,200,749
2025-10-28T23:08:12.855797,10,Node_water_quality_kpz06,17.394727,78.345145,Chandanagar,tds,AE-WQ01,CoAP,00:10:00,200,723
2025-10-28T23:08:12.458594,11,Node_water_quality_hpf08,17.424984,78.391054,Madhapur,tds,AE-WQ01,MQTT,00:01:00,200,1122
2025-10-28T23:08:12.483700,10,Node_water_quality_gissh,17.416347,78.347783,Kondapur,tds,AE-WQ01,CoAP,00:01:00,200,1098
2025-10-28T23:08:12.499236,11,Node_waste_management_u6vzj,17.431971,78.342296,IIIT Campus,tds,AE-WM01,MQTT,00:01:00,200,1083
2025-10-28T23:08:12.494547,5,Node_water_quality_wv6vm,17.431539,78.370674,BHEL,tds,AE-WQ01,MQTT,00:10:00,200,1157
2025-10-28T23:08:13.400007,15,Node_water_quality_jp8fq,17.41946,78.372,Kondapur,tds,AE-WQ01,CoAP,00:01:00,200,272
2025-10-28T23:08:12.730464,9,Node_water_quality_synld,17.42754,78.391876,Miyapur,tds,AE-WQ01,MQTT,00:05:00,200,973
2025-10-28T23:08:12.559350,10,Node_water_quality_dtdln,17.407557,78.380673,Lingampally,tds,AE-WQ01,MQTT,00:15:00,200,1220
2025-10-28T23:08:12.631633,8,Node_waste_management_8scoa,17.411346,78.369941,Hitech City,tds,AE-WM01,CoAP,00:15:00,200,1212
2025-10-28T23:08:12.567282,8,Node_water_quality_dwwlm,17.395321,78.355739,Madhapur,tds,AE-WQ01,CoAP,00:05:00,200,1301
2025-10-28T23:08:12.653896,8,Node_waste_management_609qg,17.409208,78.373986,IIIT Campus,tds,AE-WM01,CoAP,00:10:00,200,1222
2025-10-28T23:08:12.767911,7,Node_waste_management_y3hwc,17.444242,78.385155,Lingampally,tds,AE-WM01,CoAP,00:05:00,200,1113
2025-10-28T23:08:12.819417,7,Node_water_quality_nxi2i,17.422861,78.376376,Miyapur,tds,AE-WQ01,MQTT,00:01:00,200,1079
2025-10-28T23:08:12.632570,8,Node_water_quality_2hggj,17.441674,78.391743,Miyapur,tds,AE-WQ01,CoAP,00:01:00,200,1283
2025-10-28T23:08:13.728659,11,Node_water_quality_vjx4e,17.388116,78.389132,Hitech City,tds,AE-WQ01,MQTT,00:01:00,200,211
2025-10-28T23:08:12.813813,8,Node_water_quality_zocel,17.407506,78.370261,Madhapur,tds,AE-WQ01,CoAP,00:01:00,200,1131
2025-10-28T23:08:12.877664,5,Node_waste_management_st5gk,17.412773,78.339925,Kukatpally,tds,AE-WM01,MQTT,00:15:00,200,1076
2025-10-28T23:08:12.625572,5,Node_water_quality_3prnv,17.417931,78.383885,JNTU,tds,AE-WQ01,MQTT,00:01:00,200,1356
2025-10-28T23:08:12.693970,9,Node_water_quality_fgkxb,17.415303,78.353707,Miyapur,tds,AE-WQ01,MQTT,00:05:00,200,1289
2025-10-28T23:08:12.951202,8,Node_water_quality_tz24a,17.406369,78.393656,Kukatpally,tds,AE-WQ01,CoAP,00:10:00,200,1056
2025-10-28T23:08:12.766623,10,Node_water_quality_sj7d4,17.43489,78.340465,Miyapur,tds,AE-WQ01,CoAP,00:15:00,200,1242
2025-10-28T23:08:12.588623,7,Node_waste_management_yf9hn,17.387768,78.372555,Kukatpally,tds,AE-WM01,CoAP,00:10:00,200,1502
2025-10-28T23:08:13.757407,11,Node_waste_management_ih2n9,17.441471,78.354842,JNTU,tds,AE-WM01,MQTT,00:15:00,200,366
2025-10-28T23:08:13.769023,12,Node_water_quality_pq3vy,17.442527,78.381836,IIIT Campus,tds,AE-WQ01,MQTT,00:05:00,200,415
2025-10-28T23:08:13.772563,11,Node_waste_management_3h7dy,17.401956,78.393519,Lingampally,tds,AE-WM01,MQTT,00:01:00,200,693
2025-10-28T23:08:13.875626,11,Node_waste_management_jkmj7,17.401296,78.383591,IIIT Campus,tds,AE-WM01,CoAP,00:05:00,200,1215
2025-10-28T23:08:13.966582,12,Node_water_quality_o70l5,17.431333,78.346452,Hitech City,tds,AE-WQ01,MQTT,00:15:00,200,1169
2025-10-28T23:08:13.931977,12,Node_water_quality_3mukz,17.436247,78.375561,Hitech City,tds,AE-WQ01,MQTT,00:05:00,200,1212
2025-10-28T23:08:13.914683,12,Node_waste_management_hos84,17.397009,78.362857,IIIT Campus,tds,AE-WM01,MQTT,00:01:00,200,1256
2025-10-28T23:08:13.985633,12,Node_waste_management_352wk,17.434648,78.381392,BHEL,tds,AE-WM01,MQTT,00:01:00,200,1201
2025-10-28T23:08:13.941852,13,Node_waste_management_iozcx,17.434208,78.337981,Lingampally,tds,AE-WM01,MQTT,00:01:00,200,1251
2025-10-28T23:08:13.883468,11,Node_waste_management_if57y,17.424741,78.351105,Chandanagar,tds,AE-WM01,MQTT,00:10:00,200,1311
2025-10-28T23:08:13.854100,13,Node_water_quality_fdd8w,17.430814,78.38029,Madhapur,tds,AE-WQ01,MQTT,00:15:00,200,1353
2025-10-28T23:08:13.930063,11,Node_water_quality_j2k2r,17.421612,78.345385,JNTU,tds,AE-WQ01,MQTT,00:15:00,200,1283
2025-10-28T23:08:13.978151,12,Node_water_quality_bjkka,17.411274,78.341842,Lingampally,tds,AE-WQ01,CoAP,00:15:00,200,1242
2025-10-28T23:08:14.050163,11,Node_waste_management_rry1r,17.443892,78.37954,Kukatpally,tds,AE-WM01,CoAP,00:01:00,200,1185
2025-10-28T23:08:14.032190,11,Node_waste_management_br8wf,17.430599,78.384199,Lingampally,tds,AE-WM01,CoAP,00:10:00,200,1212
2025-10-28T23:08:14.101043,10,Node_waste_management_60kca,17.393812,78.358284,Lingampally,tds,AE-WM01,CoAP,00:01:00,200,1148
2025-10-28T23:08:13.915897,9,Node_water_quality_fs2jv,17.421902,78.352197,IIIT Campus,tds,AE-WQ01,MQTT,00:01:00,200,1334
2025-10-28T23:08:13.845424,10,Node_waste_management_h0id5,17.424579,78.380864,Madhapur,tds,AE-WM01,MQTT,00:01:00,200,1405
2025-10-28T23:08:14.009727,11,Node_waste_management_29y1v,17.420339,78.390382,Lingampally,tds,AE-WM01,CoAP,00:05:00,200,1254
2025-10-28T23:08:13.858099,11,Node_waste_management_7ea59,17.419838,78.344139,Gachibowli,tds,AE-WM01,MQTT,00:05:00,200,1407
2025-10-28T23:08:13.890863,10,Node_waste_management_kyilw,17.389043,78.339619,Kothaguda,tds,AE-WM01,MQTT,00:15:00,200,1381
2025-10-28T23:08:13.931269,13,Node_waste_management_p1eb0,17.390931,78.393146,Kothaguda,tds,AE-WM01,CoAP,00:10:00,200,1341
2025-10-28T23:08:14.049325,16,Node_water_quality_15trz,17.440324,78.373464,Kukatpally,tds,AE-WQ01,MQTT,00:10:00,200,1226
2025-10-28T23:08:14.068480,11,Node_water_quality_ez8ys,17.38937,78.347086,Miyapur,tds,AE-WQ01,CoAP,00:15:00,200,1214
2025-10-28T23:08:14.340756,12,Node_water_quality_79ffn,17.41296,78.377062,Kothaguda,tds,AE-WQ01,MQTT,00:10:00,200,947
2025-10-28T23:08:14.175824,12,Node_waste_management_97k5e,17.435626,78.344708,Hitech City,tds,AE-WM01,CoAP,00:10:00,200,1118
2025-10-28T23:08:14.006186,13,Node_waste_management_ndve8,17.428417,78.352776,IIIT Campus,tds,AE-WM01,MQTT,00:01:00,200,1290
2025-10-28T23:08:14.021931,11,Node_waste_management_v5xyl,17.414264,78.337021,Lingampally,tds,AE-WM01,CoAP,00:15:00,200,1276
2025-10-28T23:08:14.069937,11,Node_water_quality_q986l,17.433501,78.384255,Kukatpally,tds,AE-WQ01,MQTT,00:15:00,200,1228
2025-10-28T23:08:14.095204,10,Node_waste_management_5prwl,17.437006,78.345207,JNTU,tds,AE-WM01,CoAP,00:10:00,200,1205
2025-10-28T23:08:14.427340,12,Node_water_quality_9vklb,17.424593,78.337176,Chandanagar,tds,AE-WQ01,CoAP,00:05:00,200,874
2025-10-28T23:08:14.055721,10,Node_waste_management_ap4p9,17.4417,78.364528,Miyapur,tds,AE-WM01,MQTT,00:10:00,200,1246
2025-10-28T23:08:14.620825,13,Node_water_quality_glsyk,17.415063,78.342447,Lingampally,tds,AE-WQ01,MQTT,00:15:00,200,693
2025-10-28T23:08:14.993913,12,Node_waste_management_k2ksy,17.429047,78.355342,BHEL,tds,AE-WM01,MQTT,00:05:00,200,335
2025-10-28T23:08:13.980393,6,Node_waste_management_10shj,17.436733,78.36043,Madhapur,tds,AE-WM01,MQTT,00:10:00,200,1363
2025-10-28T23:08:14.200242,10,Node_waste_management_snvha,17.39412,78.344472,Kukatpally,tds,AE-WM01,CoAP,00:01:00,200,1182
2025-10-28T23:08:14.218457,8,Node_water_quality_wf4pc,17.386653,78.366062,Lingampally,tds,AE-WQ01,CoAP,00:01:00,200,1257
2025-10-28T23:08:15.392595,12,Node_waste_management_79i37,17.426207,78.336558,Lingampally,tds,AE-WM01,CoAP,00:01:00,200,129
2025-10-28T23:08:14.384752,9,Node_water_quality_tfijv,17.388427,78.335257,Madhapur,tds,AE-WQ01,MQTT,00:10:00,200,1142
2025-10-28T23:08:14.260084,9,Node_water_quality_o5tn4,17.389643,78.349064,Chandanagar,tds,AE-WQ01,CoAP,00:05:00,200,1280
2025-10-28T23:08:14.284596,8,Node_water_quality_modps,17.394414,78.361082,Chandanagar,tds,AE-WQ01,MQTT,00:01:00,200,1276
2025-10-28T23:08:14.352710,9,Node_water_quality_ete9g,17.396923,78.383998,JNTU,tds,AE-WQ01,MQTT,00:10:00,200,1238
2025-10-28T23:08:14.524929,6,Node_waste_management_z8ljt,17.442624,78.345699,Kukatpally,tds,AE-WM01,MQTT,00:05:00,200,1067
2025-10-28T23:08:14.483832,11,Node_waste_management_yv482,17.391164,78.386327,Kukatpally,tds,AE-WM01,MQTT,00:10:00,200,1109
2025-10-28T23:08:14.273713,11,Node_waste_management_12snn,17.391338,78.372697,Lingampally,tds,AE-WM01,CoAP,00:05:00,200,1320
2025-10-28T23:08:14.385910,10,Node_waste_management_h8u6w,17.404915,78.375789,Hitech City,tds,AE-WM01,MQTT,00:01:00,200,1219
2025-10-28T23:08:14.464986,6,Node_water_quality_imot7,17.401406,78.382424,Kothaguda,tds,AE-WQ01,MQTT,00:05:00,200,1141
2025-10-28T23:08:14.401893,9,Node_water_quality_odyy5,17.390781,78.352967,Miyapur,tds,AE-WQ01,MQTT,00:05:00,200,1294
2025-10-28T23:08:14.400658,8,Node_waste_management_p1cl6,17.437269,78.335448,Lingampally,tds,AE-WM01,MQTT,00:10:00,200,1297
2025-10-28T23:08:14.399421,9,Node_waste_management_gtjts,17.386498,78.377134,Chandanagar,tds,AE-WM01,MQTT,00:15:00,200,1303
2025-10-28T23:08:14.377364,9,Node_water_quality_eintc,17.391834,78.381002,Chandanagar,tds,AE-WQ01,MQTT,00:01:00,200,1336
2025-10-28T23:08:15.536240,13,Node_waste_management_drexh,17.436906,78.391038,Gachibowli,tds,AE-WM01,CoAP,00:05:00,200,880
2025-10-28T23:08:15.606896,12,Node_water_quality_x5tip,17.400406,78.383624,Kondapur,tds,AE-WQ01,MQTT,00:10:00,200,994
2025-10-28T23:08:15.569212,12,Node_water_quality_wetrz,17.387145,78.376137,Gachibowli,tds,AE-WQ01,MQTT,00:10:00,200,1062
2025-10-28T23:08:15.616927,11,Node_water_quality_qeiak,17.388029,78.343641,Lingampally,tds,AE-WQ01,MQTT,00:01:00,200,1047
2025-10-28T23:08:15.720840,11,Node_water_quality_mbqzq,17.437994,78.386528,IIIT Campus,tds,AE-WQ01,CoAP,00:15:00,200,964
2025-10-28T23:08:15.575783,13,Node_waste_management_2r57c,17.389334,78.350694,Gachibowli,tds,AE-WM01,MQTT,00:01:00,200,1132
2025-10-28T23:08:15.656490,11,Node_waste_management_k2g1v,17.426777,78.379872,Gachibowli,tds,AE-WM01,CoAP,00:15:00,200,1056
2025-10-28T23:08:15.636997,12,Node_water_quality_nv0kn,17.442746,78.390335,Miyapur,tds,AE-WQ01,MQTT,00:10:00,200,1079
2025-10-28T23:08:15.638114,14,Node_water_quality_mvzbl,17.436509,78.383297,BHEL,tds,AE-WQ01,CoAP,00:10:00,200,1092
2025-10-28T23:08:15.648973,14,Node_waste_management_bw2ro,17.386023,78.365731,Kondapur,tds,AE-WM01,CoAP,00:10:00,200,1165
2025-10-28T23:08:15.664924,13,Node_waste_management_9j80w,17.388359,78.341783,Gachibowli,tds,AE-WM01,CoAP,00:05:00,200,1227
2025-10-28T23:08:15.724261,12,Node_waste_management_d8rrr,17.398095,78.383204,Gachibowli,tds,AE-WM01,MQTT,00:10:00,200,1170
2025-10-28T23:08:15.741772,12,Node_water_quality_7rf5v,17.413317,78.381241,Miyapur,tds,AE-WQ01,MQTT,00:15:00,200,1167
2025-10-28T23:08:15.733191,12,Node_waste_management_mu5su,17.443658,78.3697,Kothaguda,tds,AE-WM01,MQTT,00:15:00,200,1176
2025-10-28T23:08:15.735030,14,Node_water_quality_e9ge8,17.420191,78.379555,Chandanagar,tds,AE-WQ01,MQTT,00:05:00,200,1175
2025-10-28T23:08:15.663982,12,Node_water_quality_wtu3w,17.421562,78.383236,Hitech City,tds,AE-WQ01,CoAP,00:15:00,200,1261
2025-10-28T23:08:15.751641,11,Node_water_quality_u81a5,17.414148,78.363146,Madhapur,tds,AE-WQ01,MQTT,00:10:00,200,1182
2025-10-28T23:08:15.784123,13,Node_waste_management_v6l0e,17.39818,78.37127,Kukatpally,tds,AE-WM01,CoAP,00:15:00,200,1163
2025-10-28T23:08:15.727559,13,Node_waste_management_vmgka,17.421966,78.354229,Kukatpally,tds,AE-WM01,CoAP,00:05:00,200,1221
2025-10-28T23:08:15.748004,12,Node_water_quality_pzxky,17.396957,78.361591,Kondapur,tds,AE-WQ01,CoAP,00:15:00,200,1203
2025-10-28T23:08:15.773147,14,Node_waste_management_86cco,17.4214,78.383594,Chandanagar,tds,AE-WM01,CoAP,00:10:00,200,1182
2025-10-28T23:08:15.691174,13,Node_waste_management_yooj9,17.413348,78.378752,Kondapur,tds,AE-WM01,CoAP,00:05:00,200,1264
2025-10-28T23:08:15.781310,14,Node_waste_management_9wcee,17.423705,78.371882,Chandanagar,tds,AE-WM01,MQTT,00:05:00,200,1177
2025-10-28T23:08:15.796793,13,Node_waste_management_1xxxu,17.421038,78.350007,Kukatpally,tds,AE-WM01,CoAP,00:05:00,200,1162
2025-10-28T23:08:15.728453,13,Node_waste_management_arpgp,17.394331,78.37081,BHEL,tds,AE-WM01,CoAP,00:10:00,200,1241
2025-10-28T23:08:15.763556,12,Node_water_quality_h5wf0,17.435229,78.376638,Kothaguda,tds,AE-WQ01,CoAP,00:01:00,200,1207
2025-10-28T23:08:15.812257,17,Node_water_quality_3jhvg,17.416911,78.389324,Kothaguda,tds,AE-WQ01,MQTT,00:01:00,200,1159
2025-10-28T23:08:15.797746,11,Node_water_quality_3r3kg,17.388729,78.353798,IIIT Campus,tds,AE-WQ01,CoAP,00:05:00,200,1174
2025-10-28T23:08:15.770092,10,Node_water_quality_jhdhd,17.401969,78.364131,Kothaguda,tds,AE-WQ01,MQTT,00:15:00,200,1220
2025-10-28T23:08:15.877265,11,Node_waste_management_mdpoj,17.42741,78.340628,Chandanagar,tds,AE-WM01,MQTT,00:10:00,200,1113
2025-10-28T23:08:15.916026,13,Node_water_quality_tcnqu,17.42912,78.345428,Lingampally,tds,AE-WQ01,MQTT,00:01:00,200,1075
2025-10-28T23:08:16.075108,13,Node_water_quality_zv8a6,17.441354,78.389215,Lingampally,tds,AE-WQ01,CoAP,00:15:00,200,938
2025-10-28T23:08:15.836752,10,Node_waste_management_4sj21,17.394533,78.357254,Kothaguda,tds,AE-WM01,CoAP,00:05:00,200,1207
2025-10-28T23:08:15.734306,7,Node_water_quality_6f961,17.42363,78.346707,Chandanagar,tds,AE-WQ01,CoAP,00:05:00,200,1314
2025-10-28T23:08:15.931664,7,Node_water_quality_vtyqb,17.411144,78.3371,Hitech City,tds,AE-WQ01,MQTT,00:01:00,200,1178
2025-10-28T23:08:15.948809,11,Node_water_quality_vt83n,17.418641,78.358097,Kondapur,tds,AE-WQ01,CoAP,00:01:00,200,1164
2025-10-28T23:08:16.937773,14,Node_waste_management_36te4,17.387273,78.376613,Kothaguda,tds,AE-WM01,CoAP,00:15:00,200,193
2025-10-28T23:08:16.944928,13,Node_waste_management_5z2jc,17.391587,78.336553,Gachibowli,tds,AE-WM01,CoAP,00:05:00,200,193
2025-10-28T23:08:15.981630,10,Node_water_quality_wj1eq,17.400384,78.393182,Miyapur,tds,AE-WQ01,MQTT,00:15:00,200,1226
2025-10-28T23:08:16.209902,10,Node_water_quality_n3aj7,17.412648,78.349533,IIIT Campus,tds,AE-WQ01,CoAP,00:10:00,200,1073
2025-10-28T23:08:16.215416,10,Node_waste_management_5ebw1,17.397436,78.380209,JNTU,tds,AE-WM01,CoAP,00:01:00,200,1074
2025-10-28T23:08:16.152711,10,Node_waste_management_0mtoh,17.414281,78.368707,Miyapur,tds,AE-WM01,CoAP,00:05:00,200,1150
2025-10-28T23:08:15.996095,12,Node_water_quality_6apfr,17.422007,78.374289,Chandanagar,tds,AE-WQ01,MQTT,00:05:00,200,1311
2025-10-28T23:08:17.011099,13,Node_water_quality_wt075,17.417158,78.335189,Gachibowli,tds,AE-WQ01,MQTT,00:15:00,200,320
2025-10-28T23:08:16.197091,9,Node_water_quality_4cjvk,17.401836,78.353938,Kukatpally,tds,AE-WQ01,MQTT,00:01:00,200,1135
2025-10-28T23:08:16.190857,12,Node_waste_management_zyf1n,17.407172,78.340069,IIIT Campus,tds,AE-WM01,CoAP,00:15:00,200,1158
2025-10-28T23:08:16.059473,10,Node_water_quality_tr1h5,17.42787,78.342922,JNTU,tds,AE-WQ01,CoAP,00:15:00,200,1295
2025-10-28T23:08:15.970428,7,Node_waste_management_qpm3u,17.434793,78.364516,Kondapur,tds,AE-WM01,MQTT,00:05:00,200,1387
2025-10-28T23:08:16.113709,9,Node_waste_management_7buuc,17.432303,78.368566,IIIT Campus,tds,AE-WM01,CoAP,00:15:00,200,1259
2025-10-28T23:08:15.987939,9,Node_waste_management_6sn7m,17.409754,78.391683,Gachibowli,tds,AE-WM01,MQTT,00:01:00,200,1409
2025-10-28T23:08:17.218293,14,Node_waste_management_liuqm,17.408767,78.36208,Hitech City,tds,AE-WM01,CoAP,00:01:00,200,192
2025-10-28T23:08:17.055321,13,Node_water_quality_94459,17.39006,78.346329,Kukatpally,tds,AE-WQ01,CoAP,00:05:00,200,410
2025-10-28T23:08:17.014983,12,Node_water_quality_s9uyr,17.407666,78.364108,Madhapur,tds,AE-WQ01,CoAP,00:15:00,200,506
2025-10-28T23:08:17.186924,15,Node_waste_management_od76o,17.391127,78.387399,Gachibowli,tds,AE-WM01,CoAP,00:01:00,200,477
2025-10-28T23:08:17.232865,12,Node_water_quality_a5m03,17.391639,78.357829,Chandanagar,tds,AE-WQ01,MQTT,00:01:00,200,532
2025-10-28T23:08:17.219308,15,Node_waste_management_36se8,17.432236,78.354555,Gachibowli,tds,AE-WM01,CoAP,00:15:00,200,931
2025-10-28T23:08:17.236456,13,Node_waste_management_b2pho,17.431414,78.383208,JNTU,tds,AE-WM01,CoAP,00:15:00,200,915
2025-10-28T23:08:17.317217,14,Node_water_quality_xp92x,17.410107,78.386937,Hitech City,tds,AE-WQ01,MQTT,00:15:00,200,844
2025-10-28T23:08:17.324653,15,Node_water_quality_0knjf,17.427587,78.387065,Kukatpally,tds,AE-WQ01,MQTT,00:01:00,200,953
2025-10-28T23:08:17.267034,13,Node_water_quality_19oxr,17.437663,78.374087,Kukatpally,tds,AE-WQ01,CoAP,00:10:00,200,1035
2025-10-28T23:08:17.288436,12,Node_waste_management_zj5r9,17.38561,78.366613,Kothaguda,tds,AE-WM01,CoAP,00:05:00,200,1044
2025-10-28T23:08:17.301764,12,Node_water_quality_w6gd4,17.427354,78.373275,IIIT Campus,tds,AE-WQ01,MQTT,00:15:00,200,1032
2025-10-28T23:08:17.360851,14,Node_water_quality_fv9d9,17.432574,78.380352,JNTU,tds,AE-WQ01,MQTT,00:10:00,200,1025
2025-10-28T23:08:17.353364,14,Node_water_quality_nye5q,17.395786,78.339284,Kothaguda,tds,AE-WQ01,CoAP,00:10:00,200,1042
2025-10-28T23:08:17.326353,14,Node_water_quality_qzhwe,17.413033,78.365587,Miyapur,tds,AE-WQ01,MQTT,00:01:00,200,1074
2025-10-28T23:08:17.391936,14,Node_water_quality_2va0v,17.400884,78.384833,Gachibowli,tds,AE-WQ01,MQTT,00:05:00,200,1024
2025-10-28T23:08:17.433352,15,Node_water_quality_wijx1,17.41159,78.353446,Kothaguda,tds,AE-WQ01,MQTT,00:15:00,200,984
2025-10-28T23:08:17.460990,13,Node_water_quality_13l19,17.398054,78.361262,JNTU,tds,AE-WQ01,MQTT,00:15:00,200,966
2025-10-28T23:08:17.304372,13,Node_waste_management_ukydi,17.4033,78.374318,Kukatpally,tds,AE-WM01,CoAP,00:15:00,200,1129
2025-10-28T23:08:17.512948,18,Node_water_quality_f4mxa,17.386857,78.373429,Kukatpally,tds,AE-WQ01,CoAP,00:05:00,200,922
2025-10-28T23:08:17.453721,14,Node_water_quality_ewup2,17.396726,78.38033,Kondapur,tds,AE-WQ01,MQTT,00:10:00,200,982
2025-10-28T23:08:17.481851,13,Node_water_quality_iicbi,17.412447,78.354309,Kothaguda,tds,AE-WQ01,MQTT,00:10:00,200,964
2025-10-28T23:08:17.519710,15,Node_water_quality_nu6pr,17.437014,78.376034,Kukatpally,tds,AE-WQ01,MQTT,00:01:00,200,930
2025-10-28T23:08:17.533664,12,Node_waste_management_ujbhx,17.388168,78.376673,IIIT Campus,tds,AE-WM01,CoAP,00:01:00,200,926
2025-10-28T23:08:17.603347,15,Node_waste_management_yo7z5,17.394115,78.393684,Gachibowli,tds,AE-WM01,MQTT,00:15:00,200,857
2025-10-28T23:08:17.524211,14,Node_water_quality_ar0hi,17.438688,78.374268,Gachibowli,tds,AE-WQ01,MQTT,00:01:00,200,944
2025-10-28T23:08:17.475947,14,Node_waste_management_damzi,17.429607,78.362085,IIIT Campus,tds,AE-WM01,MQTT,00:15:00,200,993
2025-10-28T23:08:17.735101,15,Node_water_quality_3n1ro,17.43475,78.390894,IIIT Campus,tds,AE-WQ01,CoAP,00:05:00,200,741
2025-10-28T23:08:17.550462,13,Node_water_quality_axr3m,17.39257,78.382549,Kothaguda,tds,AE-WQ01,MQTT,00:10:00,200,940
2025-10-28T23:08:17.567799,14,Node_water_quality_jaxsm,17.385304,78.365076,JNTU,tds,AE-WQ01,MQTT,00:05:00,200,925
2025-10-28T23:08:17.571355,11,Node_waste_management_dhtw3,17.425862,78.375943,JNTU,tds,AE-WM01,MQTT,00:15:00,200,923
2025-10-28T23:08:17.547143,12,Node_water_quality_k8hkq,17.408719,78.381315,Gachibowli,tds,AE-WQ01,MQTT,00:15:00,200,951
2025-10-28T23:08:17.830913,14,Node_waste_management_6r31f,17.39004,78.347657,BHEL,tds,AE-WM01,CoAP,00:05:00,200,670
2025-10-28T23:08:17.948442,14,Node_water_quality_gh950,17.437772,78.375372,Chandanagar,tds,AE-WQ01,MQTT,00:10:00,200,564
2025-10-28T23:08:18.088341,13,Node_waste_management_68gj8,17.404719,78.368104,JNTU,tds,AE-WM01,MQTT,00:10:00,200,428
2025-10-28T23:08:18.195529,16,Node_water_quality_iwlmz,17.43761,78.377988,BHEL,tds,AE-WQ01,CoAP,00:15:00,200,395
2025-10-28T23:08:18.482539,16,Node_water_quality_s1oiz,17.400244,78.362975,Miyapur,tds,AE-WQ01,CoAP,00:10:00,200,179
2025-10-28T23:08:17.518670,12,Node_water_quality_lvihc,17.405526,78.376472,Madhapur,tds,AE-WQ01,MQTT,00:05:00,200,1167
2025-10-28T23:08:17.401108,11,Node_waste_management_6ic9x,17.401899,78.356668,Kothaguda,tds,AE-WM01,MQTT,00:15:00,200,1312
2025-10-28T23:08:17.406513,8,Node_water_quality_qhzub,17.414161,78.350938,Lingampally,tds,AE-WQ01,MQTT,00:15:00,200,1313
2025-10-28T23:08:18.583312,15,Node_water_quality_f2k1s,17.390328,78.367505,JNTU,tds,AE-WQ01,CoAP,00:10:00,200,181
2025-10-28T23:08:17.663411,13,Node_water_quality_2vy8d,17.387555,78.343967,Gachibowli,tds,AE-WQ01,CoAP,00:05:00,200,1239
2025-10-28T23:08:17.634059,8,Node_water_quality_76zik,17.437338,78.370788,Chandanagar,tds,AE-WQ01,CoAP,00:10:00,200,1271
2025-10-28T23:08:17.740888,13,Node_waste_management_mdjs1,17.420006,78.356759,JNTU,tds,AE-WM01,CoAP,00:05:00,200,1166
2025-10-28T23:08:17.706205,11,Node_waste_management_6jzym,17.398841,78.365894,Kondapur,tds,AE-WM01,CoAP,00:05:00,200,1240
2025-10-28T23:08:17.743584,11,Node_waste_management_ofjpd,17.444563,78.360382,Lingampally,tds,AE-WM01,CoAP,00:15:00,200,1218
2025-10-28T23:08:17.843377,11,Node_waste_management_55n2s,17.442127,78.363844,Madhapur,tds,AE-WM01,CoAP,00:10:00,200,1119
2025-10-28T23:08:17.782067,10,Node_waste_management_elf57,17.443217,78.368526,Hitech City,tds,AE-WM01,CoAP,00:10:00,200,1229
2025-10-28T23:08:17.796409,10,Node_waste_management_hhk13,17.435469,78.380329,Hitech City,tds,AE-WM01,CoAP,00:15:00,200,1235
2025-10-28T23:08:18.634436,14,Node_waste_management_74xu3,17.421036,78.376004,Miyapur,tds,AE-WM01,CoAP,00:10:00,200,409
2025-10-28T23:08:17.879266,11,Node_waste_management_c946o,17.413814,78.353924,Hitech City,tds,AE-WM01,MQTT,00:15:00,200,1224
2025-10-28T23:08:17.681424,11,Node_water_quality_elou1,17.417937,78.354131,Madhapur,tds,AE-WQ01,CoAP,00:05:00,200,1505
2025-10-28T23:08:17.928027,8,Node_water_quality_f0b4c,17.390678,78.384579,Miyapur,tds,AE-WQ01,MQTT,00:01:00,200,1272
2025-10-28T23:08:17.752279,10,Node_waste_management_ewldt,17.391938,78.368943,Chandanagar,tds,AE-WM01,MQTT,00:01:00,200,1453
2025-10-28T23:08:18.784507,15,Node_waste_management_fuk7w,17.386714,78.389843,Chandanagar,tds,AE-WM01,MQTT,00:10:00,200,716
2025-10-28T23:08:18.633192,16,Node_water_quality_8v9o8,17.406594,78.368468,Gachibowli,tds,AE-WQ01,MQTT,00:05:00,200,878
2025-10-28T23:08:18.819235,15,Node_waste_management_tz07a,17.40107,78.381819,Miyapur,tds,AE-WM01,MQTT,00:10:00,200,880
2025-10-28T23:08:18.357288,13,Node_water_quality_a3uyn,17.385001,78.377333,Chandanagar,tds,AE-WQ01,CoAP,00:01:00,200,1347
2025-10-28T23:08:18.668729,13,Node_waste_management_d51zk,17.439056,78.33848,Kondapur,tds,AE-WM01,MQTT,00:01:00,200,1112
2025-10-28T23:08:18.679120,13,Node_waste_management_d9ekh,17.419327,78.372873,Lingampally,tds,AE-WM01,CoAP,00:15:00,200,1125
2025-10-28T23:08:18.743661,14,Node_waste_management_ou7n1,17.39605,78.393646,BHEL,tds,AE-WM01,MQTT,00:10:00,200,1234
2025-10-28T23:08:18.814471,13,Node_waste_management_09tr6,17.387261,78.352002,Kondapur,tds,AE-WM01,CoAP,00:15:00,200,1206
2025-10-28T23:08:18.742535,14,Node_water_quality_dzbo8,17.386566,78.392814,Lingampally,tds,AE-WQ01,CoAP,00:05:00,200,1278
2025-10-28T23:08:18.876560,15,Node_water_quality_9hpuj,17.41907,78.376978,Kondapur,tds,AE-WQ01,CoAP,00:01:00,200,1145
2025-10-28T23:08:18.863216,14,Node_water_quality_n2n9y,17.425536,78.384486,JNTU,tds,AE-WQ01,MQTT,00:01:00,200,1159
2025-10-28T23:08:18.825909,12,Node_water_quality_duds4,17.393974,78.377786,IIIT Campus,tds,AE-WQ01,MQTT,00:10:00,200,1202
2025-10-28T23:08:18.848309,15,Node_water_quality_874h9,17.431674,78.373968,Kukatpally,tds,AE-WQ01,MQTT,00:05:00,200,1187
2025-10-28T23:08:18.780902,14,Node_water_quality_gw1ka,17.403982,78.372499,Madhapur,tds,AE-WQ01,MQTT,00:10:00,200,1263
2025-10-28T23:08:18.893978,15,Node_water_quality_ms2pb,17.396494,78.364962,JNTU,tds,AE-WQ01,CoAP,00:15:00,200,1151
2025-10-28T23:08:18.884581,16,Node_waste_management_4lqwb,17.442074,78.367284,Kukatpally,tds,AE-WM01,MQTT,00:10:00,200,1169
2025-10-28T23:08:18.903913,15,Node_waste_management_luczk,17.387874,78.355859,Lingampally,tds,AE-WM01,MQTT,00:15:00,200,1156
2025-10-28T23:08:18.967892,16,Node_water_quality_wxuog,17.392425,78.376719,IIIT Campus,tds,AE-WQ01,MQTT,00:05:00,200,1112
2025-10-28T23:08:18.879133,14,Node_water_quality_tkouj,17.399016,78.3866,Gachibowli,tds,AE-WQ01,CoAP,00:01:00,200,1211
2025-10-28T23:08:19.010137,17,Node_waste_management_bx7h1,17.41463,78.355635,Lingampally,tds,AE-WM01,MQTT,00:10:00,200,1106
2025-10-28T23:08:18.999635,16,Node_water_quality_p3prh,17.410737,78.359326,Gachibowli,tds,AE-WQ01,CoAP,00:10:00,200,1118
2025-10-28T23:08:19.038125,13,Node_water_quality_nwb7v,17.411148,78.371467,BHEL,tds,AE-WQ01,CoAP,00:10:00,200,1080
2025-10-28T23:08:18.987405,15,Node_waste_management_s3kwr,17.419217,78.393948,Lingampally,tds,AE-WM01,CoAP,00:01:00,200,1139
2025-10-28T23:08:19.003554,15,Node_water_quality_iyus5,17.385997,78.340867,Lingampally,tds,AE-WQ01,MQTT,00:05:00,200,1124
2025-10-28T23:08:18.968557,19,Node_waste_management_j2pje,17.393559,78.357516,Kukatpally,tds,AE-WM01,MQTT,00:01:00,200,1162
2025-10-28T23:08:19.018860,14,Node_water_quality_jrbd2,17.426002,78.359933,IIIT Campus,tds,AE-WQ01,CoAP,00:10:00,200,1113
2025-10-28T23:08:18.960328,15,Node_waste_management_fwsea,17.408939,78.345071,BHEL,tds,AE-WM01,CoAP,00:15:00,200,1184
2025-10-28T23:08:19.133600,16,Node_waste_management_jzoiy,17.422816,78.353856,Miyapur,tds,AE-WM01,MQTT,00:15:00,200,1012
2025-10-28T23:08:18.929971,16,Node_waste_management_6pby3,17.428876,78.389081,Gachibowli,tds,AE-WM01,CoAP,00:01:00,200,1216
2025-10-28T23:08:19.161143,17,Node_water_quality_xqlv7,17.411767,78.383592,BHEL,tds,AE-WQ01,MQTT,00:10:00,200,998
2025-10-28T23:08:19.363523,15,Node_water_quality_ojusk,17.444536,78.339536,Kukatpally,tds,AE-WQ01,CoAP,00:10:00,200,797
2025-10-28T23:08:18.976760,15,Node_waste_management_0wwgk,17.403541,78.368781,Chandanagar,tds,AE-WM01,MQTT,00:15:00,200,1184
2025-10-28T23:08:19.889492,16,Node_water_quality_3sm38,17.404986,78.340334,Lingampally,tds,AE-WQ01,CoAP,00:10:00,200,357
2025-10-28T23:08:19.142699,9,Node_water_quality_yw1va,17.40271,78.341492,Hitech City,tds,AE-WQ01,CoAP,00:05:00,200,1130
2025-10-28T23:08:19.106230,12,Node_waste_management_nuwg9,17.393471,78.380824,Kothaguda,tds,AE-WM01,CoAP,00:05:00,200,1172
2025-10-28T23:08:20.041506,16,Node_waste_management_9p62a,17.419327,78.367365,Chandanagar,tds,AE-WM01,MQTT,00:05:00,200,265
2025-10-28T23:08:20.102998,17,Node_water_quality_h0ts4,17.394406,78.379702,Madhapur,tds,AE-WQ01,CoAP,00:05:00,200,205
2025-10-28T23:08:20.152745,14,Node_waste_management_2dgex,17.389784,78.359475,Chandanagar,tds,AE-WM01,CoAP,00:15:00,200,208
2025-10-28T23:08:19.273542,12,Node_waste_management_ciyrk,17.442029,78.364568,Chandanagar,tds,AE-WM01,CoAP,00:10:00,200,1199
2025-10-28T23:08:19.522472,11,Node_water_quality_d1u1z,17.42067,78.35989,Chandanagar,tds,AE-WQ01,CoAP,00:15:00,200,1008
2025-10-28T23:08:19.333005,14,Node_waste_management_3u3io,17.44379,78.357921,Chandanagar,tds,AE-WM01,CoAP,00:10:00,200,1208
2025-10-28T23:08:19.233228,9,Node_water_quality_y471p,17.38802,78.357053,Lingampally,tds,AE-WQ01,CoAP,00:01:00,200,1311
2025-10-28T23:08:19.175512,13,Node_water_quality_ef1fe,17.430707,78.340715,Gachibowli,tds,AE-WQ01,CoAP,00:15:00,200,1373
2025-10-28T23:08:19.324764,12,Node_water_quality_01be0,17.395551,78.351895,Kothaguda,tds,AE-WQ01,CoAP,00:15:00,200,1235
2025-10-28T23:08:19.323664,11,Node_waste_management_0pisi,17.396105,78.341807,Chandanagar,tds,AE-WM01,MQTT,00:05:00,200,1300
2025-10-28T23:08:19.264714,14,Node_water_quality_qsuy9,17.423947,78.375408,Kondapur,tds,AE-WQ01,CoAP,00:10:00,200,1367
2025-10-28T23:08:19.315976,12,Node_water_quality_8jbtg,17.397837,78.346695,Gachibowli,tds,AE-WQ01,MQTT,00:01:00,200,1405
2025-10-28T23:08:19.533470,12,Node_waste_management_im6fy,17.435773,78.344645,Hitech City,tds,AE-WM01,MQTT,00:01:00,200,1260
2025-10-28T23:08:19.609021,9,Node_water_quality_qi5gk,17.396358,78.339955,Gachibowli,tds,AE-WQ01,MQTT,00:01:00,200,1244
2025-10-28T23:08:19.788588,12,Node_water_quality_4hmub,17.431726,78.3717,IIIT Campus,tds,AE-WQ01,CoAP,00:05:00,200,1544
2025-10-28T23:08:20.138621,14,Node_water_quality_rx57u,17.391991,78.360924,Madhapur,tds,AE-WQ01,MQTT,00:15:00,200,1215
2025-10-28T23:08:19.737517,11,Node_water_quality_iq1og,17.435395,78.388658,Chandanagar,tds,AE-WQ01,MQTT,00:10:00,200,1626
2025-10-28T23:08:20.409522,16,Node_water_quality_peqn0,17.385459,78.346458,BHEL,tds,AE-WQ01,CoAP,00:01:00,200,1031
2025-10-28T23:08:20.379834,14,Node_water_quality_gon2w,17.423651,78.394012,Chandanagar,tds,AE-WQ01,CoAP,00:15:00,200,1088
2025-10-28T23:08:20.435919,15,Node_water_quality_tbwy8,17.436501,78.390947,Kondapur,tds,AE-WQ01,CoAP,00:01:00,200,1092
2025-10-28T23:08:20.465211,17,Node_waste_management_30ksz,17.434334,78.352042,IIIT Campus,tds,AE-WM01,CoAP,00:10:00,200,1175
2025-10-28T23:08:20.505961,17,Node_water_quality_ctz38,17.385175,78.380992,BHEL,tds,AE-WQ01,CoAP,00:01:00,200,1178
2025-10-28T23:08:20.495368,16,Node_waste_management_0bu2p,17.433703,78.347096,Kukatpally,tds,AE-WM01,CoAP,00:10:00,200,1208
2025-10-28T23:08:20.476898,15,Node_waste_management_r7q92,17.400993,78.392492,Chandanagar,tds,AE-WM01,MQTT,00:01:00,200,1243
2025-10-28T23:08:20.470109,14,Node_waste_management_jjbg0,17.386959,78.377695,Kothaguda,tds,AE-WM01,MQTT,00:10:00,200,1298
2025-10-28T23:08:20.464377,17,Node_waste_management_s07s8,17.40024,78.37256,Chandanagar,tds,AE-WM01,CoAP,00:15:00,200,1305
2025-10-28T23:08:20.460166,15,Node_waste_management_2hanl,17.388568,78.337656,Lingampally,tds,AE-WM01,MQTT,00:01:00,200,1312
2025-10-28T23:08:20.488737,14,Node_waste_management_weiaj,17.427823,78.35413,Gachibowli,tds,AE-WM01,CoAP,00:10:00,200,1293
2025-10-28T23:08:20.510759,20,Node_water_quality_3nnh0,17.432787,78.36908,Kondapur,tds,AE-WQ01,CoAP,00:15:00,200,1275
2025-10-28T23:08:20.563037,16,Node_water_quality_pwlyb,17.431155,78.369876,Lingampally,tds,AE-WQ01,MQTT,00:10:00,200,1250
2025-10-28T23:08:20.392604,15,Node_waste_management_nkwl4,17.41346,78.365787,JNTU,tds,AE-WM01,CoAP,00:10:00,200,1424
2025-10-28T23:08:20.384334,13,Node_waste_management_py7kq,17.44136,78.337133,Lingampally,tds,AE-WM01,MQTT,00:15:00,200,1434
2025-10-28T23:08:20.481069,18,Node_water_quality_aobfp,17.395433,78.378358,IIIT Campus,tds,AE-WQ01,MQTT,00:01:00,200,1339
2025-10-28T23:08:20.598997,16,Node_waste_management_od2o6,17.414522,78.368238,Miyapur,tds,AE-WM01,MQTT,00:15:00,200,1227
2025-10-28T23:08:20.712287,18,Node_water_quality_06t9k,17.397115,78.374504,Kondapur,tds,AE-WQ01,CoAP,00:05:00,200,1119
2025-10-28T23:08:20.584517,16,Node_waste_management_d6q1h,17.39858,78.353441,JNTU,tds,AE-WM01,CoAP,00:01:00,200,1250
2025-10-28T23:08:20.579925,16,Node_water_quality_oc9ql,17.428937,78.373308,Gachibowli,tds,AE-WQ01,MQTT,00:01:00,200,1255
2025-10-28T23:08:20.610599,15,Node_waste_management_7srhk,17.403412,78.390565,Madhapur,tds,AE-WM01,MQTT,00:05:00,200,1232
2025-10-28T23:08:20.678835,17,Node_waste_management_czsyn,17.405537,78.371955,Miyapur,tds,AE-WM01,MQTT,00:01:00,200,1165
2025-10-28T23:08:20.751354,17,Node_waste_management_03fkj,17.435904,78.346068,Hitech City,tds,AE-WM01,CoAP,00:15:00,200,1095
2025-10-28T23:08:20.652342,17,Node_water_quality_apyfw,17.41679,78.377853,Miyapur,tds,AE-WQ01,MQTT,00:01:00,200,1201
2025-10-28T23:08:20.719469,16,Node_waste_management_7fx5c,17.410738,78.371406,Miyapur,tds,AE-WM01,MQTT,00:05:00,200,1135
2025-10-28T23:08:20.718400,15,Node_waste_management_gu2ni,17.403348,78.344616,BHEL,tds,AE-WM01,MQTT,00:01:00,200,1138
2025-10-28T23:08:20.562042,16,Node_waste_management_ijfa7,17.4217,78.359052,Miyapur,tds,AE-WM01,CoAP,00:15:00,200,1300
2025-10-28T23:08:20.710207,16,Node_waste_management_jb3rx,17.387921,78.376049,Hitech City,tds,AE-WM01,CoAP,00:10:00,200,1154
2025-10-28T23:08:20.805059,17,Node_water_quality_8ajwb,17.435827,78.385097,Hitech City,tds,AE-WQ01,MQTT,00:10:00,200,1059
2025-10-28T23:08:20.757735,18,Node_waste_management_pwuc1,17.397096,78.348098,Lingampally,tds,AE-WM01,CoAP,00:05:00,200,1107
2025-10-28T23:08:20.813237,15,Node_waste_management_zpgwx,17.437035,78.38094,Kukatpally,tds,AE-WM01,MQTT,00:01:00,200,1052
2025-10-28T23:08:20.659221,10,Node_water_quality_m7y0i,17.432295,78.392617,Kondapur,tds,AE-WQ01,CoAP,00:01:00,200,1375
2025-10-28T23:08:20.697389,13,Node_waste_management_ddjmk,17.426974,78.394225,Lingampally,tds,AE-WM01,MQTT,00:10:00,200,1366
2025-10-28T23:08:20.879450,15,Node_water_quality_ayyw3,17.430548,78.346613,Chandanagar,tds,AE-WQ01,CoAP,00:01:00,200,1346
2025-10-28T23:08:21.179846,15,Node_waste_management_5p0do,17.399128,78.349138,Kukatpally,tds,AE-WM01,MQTT,00:10:00,200,1172
2025-10-28T23:08:20.880271,10,Node_water_quality_a2ot6,17.418303,78.39239,Miyapur,tds,AE-WQ01,MQTT,00:01:00,200,1473
2025-10-28T23:08:21.313860,13,Node_waste_management_uqpeu,17.437132,78.345945,BHEL,tds,AE-WM01,CoAP,00:15:00,200,1117
2025-10-28T23:08:21.051016,13,Node_water_quality_6wyi0,17.441217,78.370992,Kondapur,tds,AE-WQ01,MQTT,00:01:00,200,1406
2025-10-28T23:08:22.008325,17,Node_waste_management_ydpwr,17.411237,78.357415,Chandanagar,tds,AE-WM01,MQTT,00:05:00,200,460
2025-10-28T23:08:20.896538,12,Node_water_quality_n7gon,17.428084,78.358022,Lingampally,tds,AE-WQ01,MQTT,00:15:00,200,1593
2025-10-28T23:08:21.039101,14,Node_waste_management_hq9o4,17.419859,78.338529,Kothaguda,tds,AE-WM01,MQTT,00:15:00,200,1486
2025-10-28T23:08:20.993551,13,Node_waste_management_5z4lb,17.393915,78.341528,Kukatpally,tds,AE-WM01,CoAP,00:15:00,200,1535
2025-10-28T23:08:21.234244,13,Node_waste_management_5mn56,17.4213,78.360309,Chandanagar,tds,AE-WM01,CoAP,00:10:00,200,1317
2025-10-28T23:08:21.211760,10,Node_water_quality_k75r5,17.417311,78.34383,Chandanagar,tds,AE-WQ01,CoAP,00:01:00,200,1394
2025-10-28T23:08:21.114180,12,Node_waste_management_rrzdl,17.43579,78.369145,JNTU,tds,AE-WM01,MQTT,00:15:00,200,1600
2025-10-28T23:08:22.048700,15,Node_water_quality_otx1s,17.393289,78.353402,IIIT Campus,tds,AE-WQ01,CoAP,00:10:00,200,835
2025-10-28T23:08:22.051685,17,Node_waste_management_l4zr0,17.396967,78.343947,JNTU,tds,AE-WM01,CoAP,00:10:00,200,845
2025-10-28T23:08:22.089299,18,Node_waste_management_dvfm9,17.405758,78.35948,Lingampally,tds,AE-WM01,CoAP,00:05:00,200,877
2025-10-28T23:08:22.062049,16,Node_water_quality_fkxrp,17.412916,78.338297,BHEL,tds,AE-WQ01,CoAP,00:01:00,200,1019
2025-10-28T23:08:21.778188,13,Node_water_quality_n5m9s,17.435472,78.389718,Madhapur,tds,AE-WQ01,CoAP,00:05:00,200,1456
2025-10-28T23:08:21.815747,12,Node_water_quality_pyl2i,17.39832,78.377262,Lingampally,tds,AE-WQ01,CoAP,00:15:00,200,1421
2025-10-28T23:08:21.895908,15,Node_water_quality_ozvl3,17.416081,78.36187,Kothaguda,tds,AE-WQ01,CoAP,00:15:00,200,1347
2025-10-28T23:08:22.159014,16,Node_water_quality_xyo0m,17.402927,78.378217,Chandanagar,tds,AE-WQ01,MQTT,00:01:00,200,1105
2025-10-28T23:08:22.211225,17,Node_waste_management_o9f7g,17.422065,78.339479,Kukatpally,tds,AE-WM01,MQTT,00:10:00,200,1063
2025-10-28T23:08:22.223963,18,Node_waste_management_anj3v,17.419979,78.36881,Kothaguda,tds,AE-WM01,MQTT,00:15:00,200,1052
2025-10-28T23:08:22.183593,18,Node_water_quality_uvsys,17.385733,78.379788,BHEL,tds,AE-WQ01,CoAP,00:15:00,200,1194
2025-10-28T23:08:22.254192,18,Node_waste_management_nw1jy,17.439736,78.379472,IIIT Campus,tds,AE-WM01,MQTT,00:01:00,200,1128
2025-10-28T23:08:22.215615,18,Node_water_quality_jdjcr,17.408311,78.342745,JNTU,tds,AE-WQ01,MQTT,00:05:00,200,1169
2025-10-28T23:08:22.380673,16,Node_water_quality_i90lb,17.385842,78.345906,Kukatpally,tds,AE-WQ01,MQTT,00:15:00,200,1021
2025-10-28T23:08:22.176469,17,Node_water_quality_qyqtu,17.400321,78.365108,Madhapur,tds,AE-WQ01,MQTT,00:15:00,200,1226
2025-10-28T23:08:22.175688,16,Node_water_quality_dcnsn,17.39809,78.361149,IIIT Campus,tds,AE-WQ01,CoAP,00:15:00,200,1242
2025-10-28T23:08:22.198768,17,Node_waste_management_0mnzs,17.425017,78.360375,Chandanagar,tds,AE-WM01,MQTT,00:10:00,200,1220
2025-10-28T23:08:22.403301,17,Node_water_quality_5wl3v,17.428501,78.34434,Kothaguda,tds,AE-WQ01,MQTT,00:05:00,200,1017
2025-10-28T23:08:22.296437,15,Node_water_quality_j624c,17.416791,78.381188,Kondapur,tds,AE-WQ01,MQTT,00:01:00,200,1213
2025-10-28T23:08:22.295416,18,Node_water_quality_d9wnr,17.434769,78.343272,IIIT Campus,tds,AE-WQ01,CoAP,00:10:00,200,1230
2025-10-28T23:08:22.427755,17,Node_water_quality_8bghu,17.39151,78.38458,Chandanagar,tds,AE-WQ01,MQTT,00:05:00,200,1114
2025-10-28T23:08:22.344832,17,Node_water_quality_l872v,17.387902,78.341836,Kukatpally,tds,AE-WQ01,CoAP,00:05:00,200,1198
2025-10-28T23:08:22.316738,17,Node_waste_management_zz3ge,17.43686,78.36875,Kukatpally,tds,AE-WM01,MQTT,00:05:00,200,1243
2025-10-28T23:08:22.301913,16,Node_waste_management_zkyh7,17.443376,78.366478,Miyapur,tds,AE-WM01,CoAP,00:15:00,200,1258
2025-10-28T23:08:22.330393,15,Node_water_quality_wur6n,17.399968,78.380004,IIIT Campus,tds,AE-WQ01,CoAP,00:01:00,200,1234
2025-10-28T23:08:22.314031,19,Node_waste_management_4ly0e,17.439209,78.370131,Kondapur,tds,AE-WM01,CoAP,00:10:00,200,1252
2025-10-28T23:08:22.376590,14,Node_water_quality_tp9zl,17.400365,78.348769,Hitech City,tds,AE-WQ01,MQTT,00:05:00,200,1202
2025-10-28T23:08:22.303547,18,Node_water_quality_u174n,17.412554,78.346605,Lingampally,tds,AE-WQ01,CoAP,00:10:00,200,1285
2025-10-28T23:08:22.356958,21,Node_water_quality_rpawc,17.427496,78.372686,Miyapur,tds,AE-WQ01,CoAP,00:15:00,200,1243
2025-10-28T23:08:22.388923,16,Node_waste_management_bx9iu,17.421538,78.362568,JNTU,tds,AE-WM01,CoAP,00:10:00,200,1225
2025-10-28T23:08:22.405215,19,Node_water_quality_c7704,17.434898,78.3841,Lingampally,tds,AE-WQ01,CoAP,00:01:00,200,1211
2025-10-28T23:08:22.443955,16,Node_waste_management_h17xn,17.434304,78.36531,Lingampally,tds,AE-WM01,MQTT,00:15:00,200,1175
2025-10-28T23:08:22.398685,19,Node_waste_management_autfv,17.409794,78.344713,Gachibowli,tds,AE-WM01,CoAP,00:10:00,200,1222
2025-10-28T23:08:22.357629,11,Node_water_quality_y74jh,17.40855,78.344355,Gachibowli,tds,AE-WQ01,MQTT,00:01:00,200,1265
2025-10-28T23:08:23.061016,18,Node_waste_management_n43m4,17.412439,78.381666,JNTU,tds,AE-WM01,CoAP,00:05:00,200,574
2025-10-28T23:08:23.252400,18,Node_waste_management_aj064,17.434343,78.393779,Kondapur,tds,AE-WM01,MQTT,00:10:00,200,434
2025-10-28T23:08:22.495316,14,Node_waste_management_mi03k,17.408381,78.369942,JNTU,tds,AE-WM01,CoAP,00:15:00,200,1208
2025-10-28T23:08:22.527432,16,Node_water_quality_qlenu,17.439654,78.389658,Chandanagar,tds,AE-WQ01,CoAP,00:15:00,200,1200
2025-10-28T23:08:23.397179,16,Node_waste_management_vxfmp,17.441109,78.379451,BHEL,tds,AE-WM01,CoAP,00:05:00,200,347
2025-10-28T23:08:23.497730,19,Node_water_quality_ngg5s,17.415895,78.338067,Miyapur,tds,AE-WQ01,CoAP,00:05:00,200,266
2025-10-28T23:08:22.831810,11,Node_waste_management_iha8p,17.392629,78.380342,Kothaguda,tds,AE-WM01,MQTT,00:05:00,200,1511
2025-10-28T23:08:22.872608,14,Node_water_quality_gwjdy,17.402335,78.343139,Kothaguda,tds,AE-WQ01,MQTT,00:10:00,200,1485
2025-10-28T23:08:22.849647,14,Node_waste_management_4vilq,17.399688,78.34071,Gachibowli,tds,AE-WM01,MQTT,00:05:00,200,1690
2025-10-28T23:08:23.702489,19,Node_water_quality_83si0,17.43128,78.347403,Lingampally,tds,AE-WQ01,MQTT,00:05:00,200,873
2025-10-28T23:08:22.964798,13,Node_water_quality_kiftg,17.432658,78.375599,IIIT Campus,tds,AE-WQ01,MQTT,00:05:00,200,1670
2025-10-28T23:08:22.874429,16,Node_water_quality_vlz5d,17.42401,78.368034,Chandanagar,tds,AE-WQ01,CoAP,00:01:00,200,1774
2025-10-28T23:08:23.709446,19,Node_waste_management_zeqrz,17.399151,78.347976,IIIT Campus,tds,AE-WM01,CoAP,00:15:00,200,977
2025-10-28T23:08:23.019568,15,Node_waste_management_aqofp,17.398998,78.353246,Lingampally,tds,AE-WM01,MQTT,00:15:00,200,1670
2025-10-28T23:08:22.878031,14,Node_water_quality_me7lh,17.432869,78.356421,Lingampally,tds,AE-WQ01,CoAP,00:15:00,200,1813
2025-10-28T23:08:22.994628,14,Node_water_quality_by39p,17.399563,78.383199,Kukatpally,tds,AE-WQ01,CoAP,00:05:00,200,1701
2025-10-28T23:08:23.717960,18,Node_water_quality_n41ay,17.409453,78.35362,Kondapur,tds,AE-WQ01,MQTT,00:10:00,200,992
2025-10-28T23:08:23.591989,17,Node_water_quality_n8mie,17.438466,78.368545,Hitech City,tds,AE-WQ01,CoAP,00:01:00,200,1119
2025-10-28T23:08:23.120895,13,Node_water_quality_m12wt,17.432045,78.386991,Lingampally,tds,AE-WQ01,MQTT,00:05:00,200,1636
2025-10-28T23:08:23.147874,11,Node_water_quality_e6i2a,17.392641,78.367542,IIIT Campus,tds,AE-WQ01,CoAP,00:10:00,200,1611
2025-10-28T23:08:23.767697,18,Node_water_quality_lah9a,17.401993,78.382118,Kondapur,tds,AE-WQ01,CoAP,00:15:00,200,1038
2025-10-28T23:08:23.832063,19,Node_waste_management_97ggb,17.428229,78.352419,Miyapur,tds,AE-WM01,CoAP,00:15:00,200,986
2025-10-28T23:08:23.788826,19,Node_waste_management_23h8q,17.420514,78.36136,Gachibowli,tds,AE-WM01,MQTT,00:01:00,200,1054
2025-10-28T23:08:23.919869,17,Node_waste_management_v4f76,17.385895,78.356672,Madhapur,tds,AE-WM01,MQTT,00:01:00,200,931
2025-10-28T23:08:23.881011,18,Node_waste_management_86bs7,17.435102,78.366236,IIIT Campus,tds,AE-WM01,MQTT,00:05:00,200,1070
2025-10-28T23:08:23.957727,17,Node_water_quality_vknbg,17.428122,78.385646,Madhapur,tds,AE-WQ01,MQTT,00:01:00,200,1008
2025-10-28T23:08:23.804209,17,Node_waste_management_3n4k2,17.43158,78.359111,IIIT Campus,tds,AE-WM01,MQTT,00:01:00,200,1162
2025-10-28T23:08:23.652309,16,Node_water_quality_rw6mv,17.414096,78.369586,IIIT Campus,tds,AE-WQ01,MQTT,00:01:00,200,1322
2025-10-28T23:08:24.012838,18,Node_water_quality_phkhl,17.388099,78.370869,Madhapur,tds,AE-WQ01,MQTT,00:15:00,200,980
2025-10-28T23:08:24.005381,18,Node_water_quality_fkzzp,17.436987,78.358552,Lingampally,tds,AE-WQ01,MQTT,00:10:00,200,989
2025-10-28T23:08:23.926249,22,Node_water_quality_77kw3,17.431084,78.372498,Kukatpally,tds,AE-WQ01,CoAP,00:01:00,200,1078
2025-10-28T23:08:24.016464,18,Node_waste_management_v94e8,17.390124,78.346171,Chandanagar,tds,AE-WM01,MQTT,00:05:00,200,992
2025-10-28T23:08:23.763006,14,Node_waste_management_qltl0,17.415481,78.335792,Miyapur,tds,AE-WM01,CoAP,00:10:00,200,1263
2025-10-28T23:08:23.958993,19,Node_water_quality_7eqpw,17.393786,78.359622,Kukatpally,tds,AE-WQ01,MQTT,00:01:00,200,1078
2025-10-28T23:08:23.994756,18,Node_water_quality_0spa0,17.405203,78.362508,BHEL,tds,AE-WQ01,MQTT,00:10:00,200,1056
2025-10-28T23:08:24.073940,19,Node_water_quality_87o5l,17.442671,78.358183,Madhapur,tds,AE-WQ01,MQTT,00:05:00,200,982
2025-10-28T23:08:23.947057,12,Node_water_quality_n2gpp,17.397543,78.356597,Kondapur,tds,AE-WQ01,MQTT,00:15:00,200,1116
2025-10-28T23:08:23.813672,13,Node_water_quality_762p7,17.408971,78.384424,Gachibowli,tds,AE-WQ01,MQTT,00:10:00,200,1253
2025-10-28T23:08:24.129462,20,Node_water_quality_n8imn,17.424705,78.341051,Kondapur,tds,AE-WQ01,CoAP,00:01:00,200,942
2025-10-28T23:08:24.143130,19,Node_waste_management_vv8qm,17.410931,78.343741,Kothaguda,tds,AE-WM01,MQTT,00:10:00,200,929
2025-10-28T23:08:23.910485,16,Node_water_quality_cizr2,17.412923,78.385694,Kothaguda,tds,AE-WQ01,MQTT,00:10:00,200,1173
2025-10-28T23:08:23.911436,15,Node_waste_management_zw6oc,17.428575,78.378821,BHEL,tds,AE-WM01,MQTT,00:05:00,200,1215
2025-10-28T23:08:23.930395,16,Node_water_quality_5gze6,17.439195,78.354377,Kothaguda,tds,AE-WQ01,CoAP,00:01:00,200,1197
2025-10-28T23:08:24.132517,17,Node_water_quality_m0f8w,17.415147,78.374377,Kondapur,tds,AE-WQ01,MQTT,00:10:00,200,997
2025-10-28T23:08:23.948059,17,Node_waste_management_a5hv1,17.43221,78.335229,BHEL,tds,AE-WM01,MQTT,00:01:00,200,1183
2025-10-28T23:08:24.127465,15,Node_waste_management_1l3z3,17.422112,78.352039,Kothaguda,tds,AE-WM01,MQTT,00:15:00,200,1009
2025-10-28T23:08:24.020656,17,Node_water_quality_oiw9p,17.40234,78.337657,Madhapur,tds,AE-WQ01,MQTT,00:01:00,200,1137
2025-10-28T23:08:24.028518,20,Node_water_quality_o77ne,17.443559,78.364955,Gachibowli,tds,AE-WQ01,CoAP,00:10:00,200,1132
2025-10-28T23:08:24.958329,20,Node_waste_management_4vmvy,17.402481,78.339479,Hitech City,tds,AE-WM01,CoAP,00:10:00,200,204
2025-10-28T23:08:24.228950,19,Node_water_quality_g89df,17.429915,78.385522,Chandanagar,tds,AE-WQ01,CoAP,00:15:00,200,939
2025-10-28T23:08:23.950274,20,Node_waste_management_m8jmo,17.387028,78.349477,Chandanagar,tds,AE-WM01,CoAP,00:05:00,200,1221
2025-10-28T23:08:24.004443,20,Node_water_quality_arnkw,17.397544,78.34294,Miyapur,tds,AE-WQ01,MQTT,00:05:00,200,1170
2025-10-28T23:08:24.148900,17,Node_waste_management_uf876,17.407132,78.360367,Madhapur,tds,AE-WM01,MQTT,00:15:00,200,1031
2025-10-28T23:08:23.971519,17,Node_water_quality_mn5yi,17.436457,78.358703,BHEL,tds,AE-WQ01,MQTT,00:01:00,200,1226
2025-10-28T23:08:25.054592,18,Node_water_quality_2d2lz,17.442382,78.346185,BHEL,tds,AE-WQ01,CoAP,00:05:00,200,408
2025-10-28T23:08:24.740221,12,Node_water_quality_hi36t,17.417512,78.343336,Gachibowli,tds,AE-WQ01,MQTT,00:05:00,200,791
2025-10-28T23:08:24.735779,15,Node_water_quality_5bizj,17.428545,78.364318,Chandanagar,tds,AE-WQ01,CoAP,00:01:00,200,923
2025-10-28T23:08:25.119676,20,Node_water_quality_g8w8y,17.399262,78.389237,Kondapur,tds,AE-WQ01,MQTT,00:01:00,200,992
2025-10-28T23:08:25.291367,20,Node_water_quality_w9uek,17.414669,78.364232,Kondapur,tds,AE-WQ01,CoAP,00:10:00,200,874
2025-10-28T23:08:25.224057,19,Node_waste_management_kc13w,17.390107,78.341353,IIIT Campus,tds,AE-WM01,MQTT,00:10:00,200,967
2025-10-28T23:08:25.174239,18,Node_waste_management_tjykk,17.415796,78.353108,Lingampally,tds,AE-WM01,CoAP,00:15:00,200,1030
2025-10-28T23:08:25.349627,19,Node_waste_management_mk5vi,17.400571,78.3616,BHEL,tds,AE-WM01,CoAP,00:05:00,200,1037
2025-10-28T23:08:25.391440,19,Node_waste_management_r2d1f,17.402167,78.350975,Chandanagar,tds,AE-WM01,CoAP,00:10:00,200,1016
2025-10-28T23:08:25.357531,19,Node_waste_management_w4y7v,17.417965,78.38494,Gachibowli,tds,AE-WM01,CoAP,00:15:00,200,1195
2025-10-28T23:08:25.505071,19,Node_water_quality_jspzr,17.409218,78.341088,Gachibowli,tds,AE-WQ01,MQTT,00:01:00,200,1068
2025-10-28T23:08:25.396446,20,Node_waste_management_n3kif,17.392089,78.371415,Lingampally,tds,AE-WM01,CoAP,00:15:00,200,1209
2025-10-28T23:08:25.361474,19,Node_water_quality_cu9dv,17.398519,78.365973,BHEL,tds,AE-WQ01,MQTT,00:10:00,200,1245
2025-10-28T23:08:25.494605,18,Node_waste_management_u6e2b,17.403409,78.354111,Kothaguda,tds,AE-WM01,CoAP,00:10:00,200,1160
2025-10-28T23:08:25.051746,15,Node_water_quality_e3ag5,17.394504,78.345877,Kondapur,tds,AE-WQ01,CoAP,00:05:00,200,1615
2025-10-28T23:08:25.377358,20,Node_waste_management_rlbsc,17.419953,78.360428,Miyapur,tds,AE-WM01,CoAP,00:05:00,200,1310
2025-10-28T23:08:25.354513,19,Node_waste_management_b45k3,17.427323,78.390881,Chandanagar,tds,AE-WM01,CoAP,00:15:00,200,1352
2025-10-28T23:08:25.390615,20,Node_waste_management_yq0qx,17.428323,78.371832,Kothaguda,tds,AE-WM01,CoAP,00:05:00,200,1331
2025-10-28T23:08:25.470305,23,Node_water_quality_2f49b,17.424748,78.371153,Miyapur,tds,AE-WQ01,CoAP,00:05:00,200,1259
2025-10-28T23:08:25.493998,20,Node_waste_management_zi5la,17.396091,78.373691,Hitech City,tds,AE-WM01,MQTT,00:01:00,200,1245
2025-10-28T23:08:25.550686,21,Node_water_quality_326vi,17.406142,78.360383,Hitech City,tds,AE-WQ01,MQTT,00:05:00,200,1203
2025-10-28T23:08:25.548555,18,Node_water_quality_klhfg,17.434678,78.348706,Miyapur,tds,AE-WQ01,MQTT,00:10:00,200,1207
2025-10-28T23:08:25.524760,18,Node_waste_management_6yzt9,17.406133,78.38476,Gachibowli,tds,AE-WM01,MQTT,00:10:00,200,1233
2025-10-28T23:08:25.537202,21,Node_water_quality_30j2l,17.440364,78.388973,Gachibowli,tds,AE-WQ01,MQTT,00:05:00,200,1235
2025-10-28T23:08:25.137405,15,Node_water_quality_vl9nh,17.39886,78.362255,Kukatpally,tds,AE-WQ01,MQTT,00:01:00,200,1649
2025-10-28T23:08:25.492932,13,Node_waste_management_lrj6e,17.40886,78.336217,IIIT Campus,tds,AE-WM01,CoAP,00:10:00,200,1303
2025-10-28T23:08:25.519186,18,Node_waste_management_rgh08,17.403285,78.3931,BHEL,tds,AE-WM01,CoAP,00:05:00,200,1290
2025-10-28T23:08:25.550043,17,Node_water_quality_wlcfj,17.421263,78.341578,BHEL,tds,AE-WQ01,CoAP,00:01:00,200,1276
2025-10-28T23:08:25.621577,20,Node_waste_management_fnzjm,17.401462,78.361253,BHEL,tds,AE-WM01,MQTT,00:10:00,200,1205
2025-10-28T23:08:25.652271,16,Node_waste_management_4m599,17.435899,78.379013,IIIT Campus,tds,AE-WM01,MQTT,00:10:00,200,1182
2025-10-28T23:08:25.611055,21,Node_water_quality_429f5,17.403783,78.381666,Madhapur,tds,AE-WQ01,CoAP,00:01:00,200,1239
2025-10-28T23:08:25.745516,21,Node_water_quality_aec5j,17.396543,78.338073,IIIT Campus,tds,AE-WQ01,CoAP,00:15:00,200,1106
2025-10-28T23:08:25.618960,18,Node_waste_management_p6dkb,17.39327,78.391185,Gachibowli,tds,AE-WM01,MQTT,00:15:00,200,1246
2025-10-28T23:08:25.962188,19,Node_water_quality_oxvxm,17.393167,78.361629,Gachibowli,tds,AE-WQ01,CoAP,00:01:00,200,903
2025-10-28T23:08:25.462536,15,Node_water_quality_rftgr,17.399779,78.344157,Kondapur,tds,AE-WQ01,CoAP,00:10:00,200,1420
2025-10-28T23:08:25.668916,17,Node_water_quality_btsvc,17.402176,78.337842,Lingampally,tds,AE-WQ01,CoAP,00:01:00,200,1214
2025-10-28T23:08:25.697273,21,Node_water_quality_gjqfi,17.415076,78.335642,Miyapur,tds,AE-WQ01,MQTT,00:01:00,200,1187
2025-10-28T23:08:25.721146,18,Node_water_quality_jezh0,17.439346,78.360025,Lingampally,tds,AE-WQ01,MQTT,00:01:00,200,1175
2025-10-28T23:08:25.617973,14,Node_waste_management_og8xu,17.433263,78.366835,Kothaguda,tds,AE-WM01,CoAP,00:01:00,200,1289
2025-10-28T23:08:25.204890,14,Node_water_quality_qvzp9,17.427839,78.34438,IIIT Campus,tds,AE-WQ01,CoAP,00:15:00,200,1713
2025-10-28T23:08:26.479541,21,Node_water_quality_pvkew,17.403821,78.358989,Lingampally,tds,AE-WQ01,CoAP,00:01:00,200,448
2025-10-28T23:08:25.176552,12,Node_waste_management_gaexo,17.395403,78.370921,Kothaguda,tds,AE-WM01,CoAP,00:10:00,200,1755
2025-10-28T23:08:25.096940,14,Node_water_quality_lamun,17.395049,78.367438,Hitech City,tds,AE-WQ01,CoAP,00:15:00,200,1836
2025-10-28T23:08:25.536251,16,Node_waste_management_kj0d0,17.417264,78.37258,Chandanagar,tds,AE-WM01,MQTT,00:01:00,200,1402
2025-10-28T23:08:25.219608,16,Node_waste_management_tst7e,17.388715,78.34925,IIIT Campus,tds,AE-WM01,MQTT,00:10:00,200,1720
2025-10-28T23:08:25.130682,17,Node_water_quality_texvf,17.44086,78.34529,JNTU,tds,AE-WQ01,CoAP,00:01:00,200,1811
2025-10-28T23:08:25.165900,15,Node_water_quality_38mmp,17.433923,78.368169,Kukatpally,tds,AE-WQ01,MQTT,00:10:00,200,1776
2025-10-28T23:08:25.559139,18,Node_water_quality_ycg3j,17.442741,78.35314,Kukatpally,tds,AE-WQ01,MQTT,00:15:00,200,1386
2025-10-28T23:08:26.063074,13,Node_waste_management_60jwd,17.432349,78.379002,Madhapur,tds,AE-WM01,CoAP,00:15:00,200,888
2025-10-28T23:08:25.571624,17,Node_waste_management_l53nk,17.411505,78.344307,Miyapur,tds,AE-WM01,MQTT,00:01:00,200,1385
2025-10-28T23:08:25.976775,16,Node_water_quality_ahh9n,17.431785,78.372357,IIIT Campus,tds,AE-WQ01,MQTT,00:01:00,200,980
2025-10-28T23:08:26.505540,20,Node_waste_management_kcks0,17.404184,78.3751,Madhapur,tds,AE-WM01,CoAP,00:05:00,200,501
2025-10-28T23:08:26.704512,19,Node_waste_management_e3d9a,17.3868,78.372068,Gachibowli,tds,AE-WM01,MQTT,00:15:00,200,352
2025-10-28T23:08:26.434164,21,Node_water_quality_0ctg5,17.436735,78.36927,Hitech City,tds,AE-WQ01,MQTT,00:10:00,200,640
2025-10-28T23:08:26.992510,16,Node_waste_management_28m3r,17.435762,78.366111,Madhapur,tds,AE-WM01,CoAP,00:01:00,200,156
2025-10-28T23:08:26.923987,20,Node_waste_management_u1cx0,17.43099,78.338571,Kondapur,tds,AE-WM01,MQTT,00:05:00,200,274
2025-10-28T23:08:26.836245,20,Node_waste_management_5866r,17.414902,78.38861,IIIT Campus,tds,AE-WM01,MQTT,00:10:00,200,485
2025-10-28T23:08:27.086595,19,Node_waste_management_04yws,17.425001,78.372982,Chandanagar,tds,AE-WM01,CoAP,00:01:00,200,318
2025-10-28T23:08:26.931113,20,Node_waste_management_32s3s,17.419757,78.36594,Kothaguda,tds,AE-WM01,MQTT,00:10:00,200,615
2025-10-28T23:08:27.089598,19,Node_waste_management_px2ay,17.42389,78.387749,Kondapur,tds,AE-WM01,CoAP,00:15:00,200,1151
2025-10-28T23:08:27.122277,20,Node_water_quality_ju2zb,17.442321,78.367471,Lingampally,tds,AE-WQ01,CoAP,00:05:00,200,1119
2025-10-28T23:08:27.044785,21,Node_waste_management_j1nf6,17.432416,78.341314,Chandanagar,tds,AE-WM01,MQTT,00:01:00,200,1320
2025-10-28T23:08:27.223293,21,Node_water_quality_yrrzo,17.433882,78.345059,Miyapur,tds,AE-WQ01,MQTT,00:10:00,200,1165
2025-10-28T23:08:27.155735,21,Node_waste_management_as74r,17.386861,78.370286,Hitech City,tds,AE-WM01,CoAP,00:15:00,200,1242
2025-10-28T23:08:27.061919,24,Node_water_quality_r1a7e,17.416879,78.374049,Chandanagar,tds,AE-WQ01,CoAP,00:01:00,200,1341
2025-10-28T23:08:27.130757,22,Node_water_quality_fifrt,17.419612,78.386704,Kondapur,tds,AE-WQ01,CoAP,00:10:00,200,1273
2025-10-28T23:08:27.064170,20,Node_water_quality_xxnm7,17.418357,78.351613,Kondapur,tds,AE-WQ01,MQTT,00:15:00,200,1340
2025-10-28T23:08:27.140358,20,Node_waste_management_i6f5m,17.400314,78.352979,Gachibowli,tds,AE-WM01,CoAP,00:15:00,200,1270
2025-10-28T23:08:27.306304,20,Node_water_quality_9k1aq,17.396835,78.36603,Hitech City,tds,AE-WQ01,CoAP,00:15:00,200,1126
2025-10-28T23:08:27.188630,22,Node_waste_management_lma5c,17.388534,78.359995,Lingampally,tds,AE-WM01,CoAP,00:15:00,200,1247
2025-10-28T23:08:27.114029,21,Node_waste_management_lovjx,17.439796,78.340147,Hitech City,tds,AE-WM01,CoAP,00:10:00,200,1323
2025-10-28T23:08:27.527941,22,Node_waste_management_9xf46,17.418441,78.359736,IIIT Campus,tds,AE-WM01,CoAP,00:05:00,200,933
2025-10-28T23:08:27.651100,21,Node_waste_management_ibxrd,17.435459,78.352915,Gachibowli,tds,AE-WM01,CoAP,00:01:00,200,821
2025-10-28T23:08:27.330451,19,Node_waste_management_yjr0k,17.437594,78.354134,JNTU,tds,AE-WM01,MQTT,00:15:00,200,1145
2025-10-28T23:08:27.258460,22,Node_waste_management_i72rg,17.42218,78.345173,Gachibowli,tds,AE-WM01,CoAP,00:15:00,200,1240
2025-10-28T23:08:27.192592,18,Node_waste_management_7qwxh,17.396131,78.380423,Kukatpally,tds,AE-WM01,CoAP,00:01:00,200,1319
2025-10-28T23:08:27.319457,18,Node_waste_management_g7dub,17.396964,78.390343,Chandanagar,tds,AE-WM01,CoAP,00:10:00,200,1199
2025-10-28T23:08:27.591667,22,Node_water_quality_94995,17.441887,78.35712,Hitech City,tds,AE-WQ01,CoAP,00:05:00,200,953
2025-10-28T23:08:27.307431,22,Node_water_quality_t8bgp,17.396424,78.364292,Miyapur,tds,AE-WQ01,MQTT,00:01:00,200,1274
2025-10-28T23:08:27.438897,22,Node_waste_management_v71rg,17.404916,78.357835,Kondapur,tds,AE-WM01,MQTT,00:10:00,200,1168
2025-10-28T23:08:27.763884,21,Node_water_quality_us2c9,17.398658,78.380966,Kondapur,tds,AE-WQ01,MQTT,00:01:00,200,844
2025-10-28T23:08:27.267923,19,Node_water_quality_0vu37,17.442721,78.394144,Kukatpally,tds,AE-WQ01,CoAP,00:10:00,200,1341
2025-10-28T23:08:27.521559,20,Node_waste_management_ka1w8,17.421381,78.339703,IIIT Campus,tds,AE-WM01,MQTT,00:05:00,200,1088
2025-10-28T23:08:27.409148,21,Node_waste_management_q5urb,17.403193,78.357498,JNTU,tds,AE-WM01,CoAP,00:01:00,200,1212
2025-10-28T23:08:27.531462,21,Node_water_quality_1r4hq,17.40258,78.38687,BHEL,tds,AE-WQ01,MQTT,00:01:00,200,1096
2025-10-28T23:08:27.322003,19,Node_water_quality_inq6g,17.435096,78.342387,Kothaguda,tds,AE-WQ01,CoAP,00:01:00,200,1307
2025-10-28T23:08:27.257385,19,Node_waste_management_o3emp,17.405517,78.389281,Chandanagar,tds,AE-WM01,MQTT,00:01:00,200,1382
2025-10-28T23:08:27.212578,17,Node_water_quality_dg3y1,17.415086,78.365023,Kondapur,tds,AE-WQ01,MQTT,00:05:00,200,1428
2025-10-28T23:08:27.778384,20,Node_waste_management_i9f3e,17.439317,78.367486,Lingampally,tds,AE-WM01,MQTT,00:10:00,200,879
2025-10-28T23:08:28.073951,21,Node_water_quality_4kz2c,17.416496,78.394411,Hitech City,tds,AE-WQ01,CoAP,00:10:00,200,593
2025-10-28T23:08:27.191847,16,Node_water_quality_ok4wn,17.412338,78.347591,Hitech City,tds,AE-WQ01,CoAP,00:01:00,200,1528
2025-10-28T23:08:27.252355,14,Node_waste_management_2h5gx,17.405355,78.393684,Gachibowli,tds,AE-WM01,MQTT,00:01:00,200,1471
2025-10-28T23:08:27.270320,15,Node_waste_management_1bjdh,17.411857,78.355647,Chandanagar,tds,AE-WM01,CoAP,00:01:00,200,1478
2025-10-28T23:08:28.606258,21,Node_waste_management_txskw,17.437017,78.385543,Madhapur,tds,AE-WM01,CoAP,00:01:00,200,200
